seed,unit,method,selection_size,selected_indices
31000,0,Variance,384,366;367;234;287;78;79;260;56;77;510;208;221;523;288;102;368;103;549;446;289;445;104;536;447;556;184;182;183;9;40;558;49;52;4;272;247;7;266;269;280;557;200;205;213;218;15;22;203;216;271;350;144;268;142;502;507;87;3;555;297;201;214;23;57;504;58;99;348;517;84;92;515;520;159;265;359;363;6;227;5;86;351;274;270;301;8;83;135;239;244;345;276;229;516;300;296;273;284;55;95;228;64;226;231;347;241;344;158;285;157;431;299;21;427;425;39;100;202;215;125;457;143;41;246;19;20;24;124;522;354;267;53;438;128;89;518;62;12;37;503;240;50;526;298;93;423;127;444;275;509;54;193;42;424;456;233;527;13;459;530;51;428;442;433;429;353;455;430;554;528;533;140;38;458;513;242;514;369;539;540;207;220;141;454;529;552;535;153;94;166;443;179;163;364;243;432;282;134;346;553;139;123;25;328;131;248;165;324;126;105;171;70;14;371;559;286;168;209;222;372;11;88;531;69;206;219;169;71;426;90;295;118;543;548;85;154;33;352;172;252;257;145;72;302;129;538;164;449;10;63;253;560;434;175;130;373;365;452;181;541;546;101;374;197;255;113;249;119;109;316;310;73;155;519;511;349;370;167;512;453;542;212;225;505;293;198;314;230;170;407;156;74;16;281;290;451;254;199;29;185;508;238;117;375;132;211;224;525;75;256;355;195;180;397;174;551;250;76;236;544;26;291;251;325;264;196;235;148;27;283;404;261;192;292;317;111;311;107;97;361;294;450;342;259;210;223;116;35;237;194;277;474;330;36;146;403;173;521;245;28;390;91;304;338;147;263;151;115;393;394;395;381;18;32;360;96;110;133;486;189;318;34;30;357
31000,0,STG,384,393;44;341;217;412;318;325;85;91;516;534;241;334;383;464;475;336;394;320;60;167;177;324;541;170;266;390;208;431;232;95;448;203;316;470;331;441;546;166;343;476;547;519;45;48;231;463;282;200;365;363;530;419;260;387;333;233;368;420;321;255;480;461;466;385;168;219;181;180;414;510;89;413;221;253;469;450;411;3;471;21;207;215;428;228;400;83;521;407;472;549;274;430;4;312;216;309;314;357;213;8;528;15;5;486;446;220;242;500;507;522;268;483;350;482;337;234;239;389;378;332;125;381;86;366;484;479;286;245;535;548;487;477;347;99;434;542;517;305;344;137;523;481;127;388;102;323;386;408;537;328;16;345;283;352;179;7;169;172;124;533;61;319;276;258;214;505;97;462;246;205;302;429;349;176;141;340;426;218;288;445;277;20;164;382;409;417;338;313;380;287;93;403;123;515;244;438;496;101;442;520;273;433;227;98;284;545;504;129;279;132;342;140;226;536;47;367;183;94;182;289;509;14;532;178;306;62;19;474;133;427;502;12;436;421;485;96;58;460;103;269;488;57;322;499;447;265;327;397;424;402;9;444;425;492;494;285;275;243;73;356;310;359;443;280;354;84;270;90;346;553;518;88;353;18;87;360;503;240;432;104;490;558;339;303;138;257;404;254;398;440;256;56;17;489;415;362;437;100;267;247;396;292;136;297;271;300;184;201;399;206;307;422;410;126;252;6;512;351;272;511;491;498;11;139;135;335;163;416;290;49;317;134;326;384;295;392;364;75;358;304;361;175;308;63;40;449;379;281;395;291;459;72;76;529;391;174;171;465;278;229;248;130;330;13;66;457;173;128;202;455;10;329;544;165;468;204;493;478;74;513;52;46;538
31000,0,CAE,384,10;354;6;367;92;228;84;227;271;5;14;433;443;231;284;345;427;93;316;200;86;442;286;87;91;434;423;368;366;163;216;215;431;214;529;444;274;166;502;504;97;510;207;125;127;129;144;344;15;289;21;314;541;530;438;266;276;348;381;428;528;239;171;100;13;256;364;521;9;124;424;425;347;430;20;206;270;90;285;19;201;218;396;520;255;350;24;432;519;181;509;328;548;165;245;272;507;229;226;172;244;269;173;4;103;16;240;363;11;282;265;277;89;168;132;394;352;275;505;134;139;140;12;205;102;169;174;138;523;486;522;252;287;440;101;88;230;203;404;517;154;447;257;167;304;180;360;531;23;253;241;234;164;8;123;409;217;95;526;533;259;135;497;535;401;96;338;351;288;543;303;280;246;142;175;208;193;7;311;324;85;131;346;113;518;267;527;221;273;421;397;243;390;170;355;213;403;94;407;254;18;202;235;386;242;549;99;417;136;128;17;420;179;426;546;325;536;268;515;361;184;232;220;331;359;62;104;283;365;410;385;219;330;382;133;501;233;183;503;429;415;482;143;342;178;469;326;3;398;53;312;393;357;141;445;279;470;278;329;383;310;408;130;349;54;418;500;153;210;317;542;461;376;126;309;204;159;83;306;446;319;399;372;462;472;395;321;405;511;182;547;353;25;22;211;419;560;176;414;391;508;358;29;356;305;308;481;488;487;465;449;105;412;516;476;439;336;389;380;379;33;332;474;377;544;137;224;42;292;406;323;362;302;260;322;341;225;463;281;411;537;388;525;460;155;109;375;489;490;50;318;387;473;467;107;493;118;496;400;441;492;340;448;335;534;320;34;315;45;51;333;78;313;402;337;435;480;437;222;339;41;108;297;223
31000,0,GAEFS,384,234;208;247;287;445;367;252;289;260;182;95;368;510;24;104;288;516;536;184;183;102;366;275;221;268;354;447;168;22;144;515;213;84;498;446;12;549;7;205;229;504;424;487;85;233;92;23;228;559;348;422;346;493;502;477;90;14;8;414;103;177;100;13;521;49;412;429;175;20;347;166;269;351;86;492;136;201;6;273;344;181;473;355;170;101;135;40;125;533;484;207;4;470;535;438;387;478;325;501;324;174;52;312;244;245;479;131;18;259;393;124;413;419;315;544;193;523;53;10;426;139;284;433;428;88;543;180;326;403;202;491;91;165;336;334;42;169;280;345;505;41;98;246;203;241;362;405;133;395;93;418;340;391;231;529;463;96;548;462;465;385;89;257;444;531;305;476;522;163;94;482;430;293;558;127;270;407;307;200;389;178;218;425;442;353;303;239;46;392;99;171;350;440;243;216;530;5;217;58;322;372;411;333;140;541;232;310;335;128;266;517;9;475;343;83;394;271;349;57;546;25;352;464;390;339;176;230;43;50;16;227;276;253;142;11;415;363;469;143;179;164;267;338;321;365;461;400;54;489;311;154;427;215;283;381;528;240;56;21;281;485;369;15;490;226;167;51;342;560;265;542;206;519;547;526;254;460;441;398;468;30;87;302;255;306;105;357;409;507;219;520;364;134;137;434;532;480;285;59;361;19;382;374;29;256;129;359;220;417;17;242;138;401;235;488;496;277;386;308;222;314;483;60;423;97;466;383;437;126;113;61;439;123;313;474;328;432;358;332;472;317;44;508;443;518;396;356;330;145;130;384;318;406;3;421;141;209;506;274;33;436;278;204;298;172;47;189;132;408;173;341;185;377;486;153;331;420;503;34;545;316;223;500;45
31000,0,SSFS,384,366;367;234;102;287;523;104;103;368;288;510;15;184;272;289;280;4;200;205;213;218;266;7;269;549;447;260;239;244;135;445;446;87;226;231;95;345;271;536;84;182;12;265;359;351;100;20;438;3;9;203;216;348;86;83;183;431;350;208;221;347;268;6;425;228;344;227;515;520;364;517;13;92;99;233;229;285;502;507;10;516;423;125;273;429;522;504;8;5;284;267;363;128;201;214;275;93;353;19;181;202;215;354;126;123;168;428;21;241;166;246;270;179;509;163;530;274;175;240;139;503;165;528;533;242;426;134;518;11;252;257;131;207;220;127;90;444;535;124;442;23;141;140;529;430;282;328;88;424;346;85;427;101;169;89;22;352;324;171;286;349;172;365;206;219;94;259;14;432;129;276;505;204;217;531;316;434;230;133;254;355;541;546;174;132;256;24;180;548;253;130;443;17;167;395;543;245;91;97;361;372;433;255;407;164;542;232;105;243;544;281;16;314;393;403;96;360;521;310;508;25;173;170;302;389;283;154;342;136;404;325;519;338;18;397;382;193;318;317;311;396;441;534;500;439;303;408;390;144;472;329;381;304;405;138;326;468;383;330;400;394;391;315;321;496;176;312;153;545;417;319;306;137;385;440;486;398;178;401;406;409;421;320;386;482;461;357;460;356;399;305;113;307;469;98;362;462;384;331;109;488;322;277;410;194;373;26;143;474;374;235;258;33;358;375;387;392;29;436;247;34;155;369;30;308;327;339;278;418;335;420;411;497;415;236;532;53;332;41;437;435;414;336;489;490;50;465;142;146;470;340;473;506;313;559;279;493;343;145;419;422;341;526;377;293;547;463;498;464;333;494;501;412;334;376;177;210;223;209;222;185;491;54;492
31997,1,Variance,384,366;367;234;287;78;79;260;56;77;510;208;221;523;288;102;368;103;549;446;289;445;104;536;447;556;184;182;183;9;40;558;49;52;4;272;247;7;266;269;280;557;200;205;213;218;15;22;203;216;271;350;144;268;142;502;507;87;3;555;297;201;214;23;57;504;58;99;348;517;84;92;515;520;159;265;359;363;6;227;5;86;351;274;270;301;8;83;135;239;244;345;276;229;516;300;296;273;284;55;95;228;64;226;231;347;241;344;158;285;157;431;299;21;427;425;39;100;202;215;125;457;143;41;246;19;20;24;124;522;354;267;53;438;128;89;518;62;12;37;503;240;50;526;298;93;423;127;444;275;509;54;193;42;424;456;233;527;13;459;530;51;428;442;433;429;353;455;430;554;528;533;140;38;458;513;242;514;369;539;540;207;220;141;454;529;552;535;153;94;166;443;179;163;364;243;432;282;134;346;553;139;123;25;328;131;248;165;324;126;105;171;70;14;371;559;286;168;209;222;372;11;88;531;69;206;219;169;71;426;90;295;118;543;548;85;154;33;352;172;252;257;145;72;302;129;538;164;449;10;63;253;560;434;175;130;373;365;452;181;541;546;101;374;197;255;113;249;119;109;316;310;73;155;519;511;349;370;167;512;453;542;212;225;505;293;198;314;230;170;407;156;74;16;281;290;451;254;199;29;185;508;238;117;375;132;211;224;525;75;256;355;195;180;397;174;551;250;76;236;544;26;291;251;325;264;196;235;148;27;283;404;261;192;292;317;111;311;107;97;361;294;450;342;259;210;223;116;35;237;194;277;474;330;36;146;403;173;521;245;28;390;91;304;338;147;263;151;115;393;394;395;381;18;32;360;96;110;133;486;189;318;34;30;357
31997,1,STG,384,166;491;94;404;230;304;313;90;429;56;221;461;413;310;385;44;475;320;532;420;389;311;227;19;483;246;334;137;444;333;470;394;259;48;365;355;440;229;96;258;141;226;218;206;61;245;49;57;349;464;504;16;208;84;98;381;83;164;495;508;524;466;542;7;347;267;21;400;281;468;282;528;434;20;265;260;438;170;494;486;549;366;447;396;179;323;351;200;536;5;9;477;169;86;47;546;530;307;253;88;40;479;433;442;45;490;352;478;503;133;278;286;342;181;314;178;485;337;435;472;182;498;46;60;531;130;392;368;175;6;3;350;285;184;430;4;43;427;135;517;336;241;177;136;558;220;231;492;303;426;417;460;387;240;289;168;338;448;425;171;488;529;543;343;474;446;548;219;266;431;340;521;284;391;489;354;341;163;450;397;505;176;378;383;52;58;502;68;287;272;339;332;419;234;384;324;487;172;167;445;8;465;256;533;408;428;386;335;306;62;202;180;414;102;255;280;363;382;358;319;509;537;139;203;436;183;405;252;132;441;95;247;367;233;422;174;269;499;201;401;268;207;129;520;402;288;322;276;399;516;359;376;315;244;317;424;493;217;471;362;423;275;305;14;101;134;326;239;103;510;346;131;482;496;274;421;302;403;544;215;390;407;67;519;271;507;501;331;126;356;412;541;18;462;473;469;415;316;228;99;299;411;216;11;50;69;418;283;165;205;547;59;500;53;204;327;393;328;213;406;76;15;128;23;345;124;457;140;214;89;273;364;321;308;481;325;65;515;484;463;41;296;535;66;410;449;243;522;344;297;242;511;144;443;127;353;292;395;125;91;173;232;17;97;92;55;480;518;545;70;455;87;513;100;348;523;301;270;254;138;550;73;300;416
31997,1,CAE,384,83;85;367;535;140;239;523;423;394;269;517;218;265;347;213;431;444;226;241;350;548;132;179;287;205;219;266;515;541;100;516;433;21;365;89;233;446;352;520;242;10;227;533;505;87;134;438;424;243;257;270;502;428;288;354;20;531;272;425;346;200;234;229;103;273;7;135;245;214;426;19;267;24;280;180;130;353;252;3;91;528;530;201;348;104;268;364;230;349;141;221;316;215;509;206;102;101;282;460;345;15;274;6;395;99;97;178;284;220;253;170;94;351;62;216;244;403;139;542;125;123;289;543;231;549;172;447;128;429;14;445;311;442;310;167;363;260;92;526;93;173;133;217;18;518;286;303;434;184;507;256;207;166;240;407;317;164;304;169;522;383;41;168;519;42;437;521;9;23;246;427;88;183;8;254;13;488;443;235;228;90;508;281;405;12;328;409;366;182;95;86;5;324;16;129;11;342;361;440;420;359;126;181;441;142;355;319;396;175;331;360;4;105;131;165;202;529;163;546;462;344;400;302;118;544;338;329;314;506;489;382;96;418;510;536;22;285;275;381;323;212;203;430;176;321;204;415;276;375;109;545;208;124;30;504;397;410;449;144;312;171;525;127;472;51;358;432;305;33;326;368;376;174;527;417;408;411;340;534;393;296;390;193;271;107;547;98;406;493;108;389;450;532;470;336;474;500;313;315;486;137;53;372;318;503;356;480;494;490;177;478;496;339;309;277;475;138;297;436;398;463;511;236;362;306;278;404;27;84;211;399;143;538;485;54;113;34;560;279;421;307;325;464;386;159;283;335;414;357;258;385;468;391;48;153;379;259;195;498;422;369;327;225;482;479;49;232;466;194;484;69;550;320;50;388;499;330;222;419;209;497;402;337;401
31997,1,GAEFS,384,260;484;498;487;343;231;182;505;491;475;93;522;546;414;287;289;501;239;515;493;477;4;393;216;478;366;247;245;284;350;334;314;533;104;413;362;5;200;183;244;479;170;83;226;425;98;411;233;502;440;428;221;127;22;521;470;407;85;166;547;315;364;541;367;177;214;412;446;383;179;472;339;256;422;137;258;288;434;232;318;95;421;88;282;206;333;259;103;267;128;480;520;163;145;201;219;208;303;273;10;386;15;390;275;536;17;354;418;387;7;445;18;492;87;272;23;361;172;359;102;135;268;349;310;97;312;397;324;132;486;447;344;410;419;181;205;395;406;16;213;184;53;342;176;101;346;351;99;217;92;86;138;316;463;21;473;6;266;381;542;394;400;222;19;330;489;326;234;405;368;134;340;171;476;140;465;153;167;392;430;252;549;391;100;329;420;474;523;531;382;218;14;417;335;504;133;439;175;372;528;283;126;139;516;365;469;482;360;336;432;286;257;285;409;338;396;178;496;165;497;403;271;255;210;96;202;52;345;204;246;228;332;123;517;331;254;384;462;341;322;13;136;24;304;9;90;508;490;203;483;20;84;141;529;113;308;468;280;229;209;408;130;8;3;168;306;243;444;33;415;164;355;144;352;317;173;50;240;302;1;265;125;274;510;464;404;105;348;94;276;543;109;534;124;389;307;321;429;460;347;281;433;180;227;509;207;311;11;500;385;535;431;427;559;25;353;488;223;270;399;438;269;363;169;49;374;230;441;544;373;325;91;220;41;59;319;44;12;485;320;443;442;461;466;423;305;507;294;548;215;89;29;236;193;279;328;131;189;401;174;57;40;46;519;530;503;242;424;313;56;532;150;68;398;185;512;129;51;426;295;293;558;278;43
31997,1,SSFS,384,366;367;234;102;287;523;104;103;368;288;510;15;184;272;289;280;4;200;205;213;218;266;7;269;549;447;260;239;244;135;445;446;87;226;231;95;345;271;536;84;182;12;265;359;351;20;438;3;100;9;203;216;348;86;183;83;431;350;208;221;347;268;6;425;228;344;227;515;520;364;517;13;92;99;233;229;285;502;507;10;423;516;125;273;429;522;8;504;5;284;267;363;128;201;214;275;93;19;353;181;202;215;123;126;354;168;21;428;241;166;246;270;179;509;530;163;274;175;240;139;503;165;528;533;242;426;134;518;11;252;257;131;207;220;127;90;444;535;124;442;23;140;141;529;430;282;328;88;424;346;85;427;101;169;89;22;352;324;171;286;349;172;365;206;219;94;14;259;432;129;276;505;204;217;531;434;316;230;133;254;355;541;546;174;132;256;24;180;548;253;130;443;17;167;395;543;245;91;97;361;372;433;255;407;164;542;232;105;243;544;281;16;314;393;403;96;360;521;310;25;508;173;170;302;389;283;154;342;136;404;325;519;338;18;397;382;193;318;317;311;396;441;534;500;439;303;408;390;144;472;329;381;304;405;138;326;468;383;330;400;394;391;315;321;496;176;312;153;545;417;319;306;137;385;440;486;398;178;401;406;409;421;320;386;482;461;357;460;356;399;305;113;307;469;98;362;462;384;331;109;488;322;277;410;194;373;26;143;474;374;235;258;33;358;375;387;392;29;247;436;34;155;369;30;308;327;339;278;418;335;420;411;497;236;415;532;53;332;41;437;435;414;336;489;490;50;465;142;146;470;340;473;506;313;559;279;493;343;145;419;422;341;526;377;293;547;463;498;464;333;494;501;412;334;376;210;223;177;209;222;185;491;54;492
32994,2,Variance,384,366;367;234;287;78;79;260;56;77;510;208;221;523;288;102;368;103;549;446;289;445;104;536;447;556;184;182;183;9;40;558;49;52;4;272;247;7;266;269;280;557;200;205;213;218;15;22;203;216;271;350;144;268;142;502;507;87;3;555;297;201;214;23;57;504;58;99;348;517;84;92;515;520;159;265;359;363;6;227;5;86;351;274;270;301;8;83;135;239;244;345;276;229;516;300;296;273;284;55;95;228;64;226;231;347;241;344;158;285;157;431;299;21;427;425;39;100;202;215;125;457;143;41;246;19;20;24;124;522;354;267;53;438;128;89;518;62;12;37;503;240;50;526;298;93;423;127;444;275;509;54;193;42;424;456;233;527;13;459;530;51;428;442;433;429;353;455;430;554;528;533;140;38;458;513;242;514;369;539;540;207;220;141;454;529;552;535;153;94;166;443;179;163;364;243;432;282;134;346;553;139;123;25;328;131;248;165;324;126;105;171;70;14;371;559;286;168;209;222;372;11;88;531;69;206;219;169;71;426;90;295;118;543;548;85;154;33;352;172;252;257;145;72;302;129;538;164;449;10;63;253;560;434;175;130;373;365;452;181;541;546;101;374;197;255;113;249;119;109;316;310;73;155;519;511;349;370;167;512;453;542;212;225;505;293;198;314;230;170;407;156;74;16;281;290;451;254;199;29;185;508;238;117;375;132;211;224;525;75;256;355;195;180;397;174;551;250;76;236;544;26;291;251;325;264;196;235;148;27;283;404;261;192;292;317;111;311;107;97;361;294;450;342;259;210;223;116;35;237;194;277;474;330;36;146;403;173;521;245;28;390;91;304;338;147;263;151;115;393;394;395;381;18;32;360;96;110;133;486;189;318;34;30;357
32994,2,STG,384,470;461;392;547;545;137;416;18;486;517;44;411;164;350;422;439;515;227;93;311;234;394;475;335;309;424;221;408;278;431;398;252;232;90;166;466;362;176;489;410;98;401;200;5;168;3;208;60;175;355;324;307;219;290;318;40;123;364;474;473;141;543;436;407;344;366;170;524;49;331;202;479;404;323;477;83;256;267;493;47;541;229;203;405;504;291;214;86;510;484;360;393;169;446;233;265;508;346;349;126;204;425;472;336;497;397;240;56;260;100;302;333;492;306;367;125;289;389;530;395;494;325;445;495;390;542;528;414;500;334;518;130;478;230;20;420;89;310;447;418;417;347;270;396;99;104;415;52;171;305;140;259;437;400;444;409;430;345;502;506;523;536;136;507;391;135;181;88;288;76;476;16;231;228;388;351;352;273;8;280;496;95;449;254;383;337;462;521;438;220;266;63;241;91;7;363;399;558;480;316;527;85;321;87;134;481;103;534;448;329;338;488;516;537;274;57;102;21;339;216;303;384;381;207;165;284;255;11;279;322;423;434;287;183;469;182;482;544;314;487;62;327;205;328;245;124;180;468;276;441;14;529;15;129;277;133;17;213;247;358;139;443;368;491;50;467;522;450;376;348;179;257;242;48;429;184;549;253;9;94;41;138;271;246;505;97;285;4;546;218;332;402;215;326;421;308;386;457;272;483;6;53;353;206;426;275;361;359;532;64;167;58;317;463;455;268;471;174;43;442;465;172;312;144;67;19;503;84;22;286;427;281;428;243;73;559;550;304;540;520;75;59;217;10;490;313;292;244;65;354;61;258;79;514;509;365;432;519;269;553;501;413;315;378;24;533;499;163;23;128;379;548;71;382;464;295;440;239;380;12;13;261;66;535
32994,2,CAE,384,226;344;213;515;431;271;503;270;83;511;201;350;265;268;267;504;244;522;517;168;351;285;518;94;15;219;286;175;269;407;276;6;205;368;20;253;126;218;181;397;254;4;92;361;543;355;302;432;510;243;274;363;348;280;329;97;163;134;360;233;164;240;8;347;311;328;19;526;535;284;135;482;288;353;529;234;100;266;508;179;174;96;252;133;103;215;362;206;523;303;11;12;241;534;84;427;85;277;229;273;180;500;131;7;541;520;221;345;275;365;239;272;289;381;167;87;548;88;542;310;433;89;442;227;123;129;531;217;127;505;330;169;546;444;203;101;245;242;228;202;3;99;184;423;171;214;232;282;86;24;429;230;404;395;354;255;140;434;207;16;21;428;25;9;257;424;326;507;545;403;155;516;506;93;530;283;384;528;426;305;216;394;141;445;314;544;90;519;125;95;128;359;509;325;443;41;320;460;383;549;142;166;324;367;342;13;50;447;220;296;14;287;154;200;496;235;124;173;502;183;22;259;399;204;260;421;281;410;53;246;476;440;307;319;178;10;5;170;102;366;521;357;144;450;143;340;349;396;352;536;364;386;425;23;321;527;414;231;165;91;62;208;492;490;439;437;495;358;172;446;417;338;488;104;415;486;461;176;316;474;392;372;408;130;382;401;356;139;258;327;391;389;449;385;346;409;17;193;441;480;387;376;463;400;393;375;42;533;107;195;411;462;497;145;317;291;335;559;182;380;297;537;343;438;256;54;475;436;489;405;331;390;312;430;30;278;487;59;532;136;279;322;478;223;292;304;51;471;418;315;318;333;501;29;46;550;236;308;374;47;377;477;465;420;412;413;336;485;313;78;159;416;210;18;43;473;484;419;36;464;491;138;493;339
32994,2,GAEFS,384,104;102;445;103;367;184;247;234;366;287;510;523;182;221;446;208;22;549;289;229;271;260;344;24;84;536;7;345;244;368;95;181;288;123;15;4;447;515;166;348;351;268;228;170;227;183;516;218;135;144;213;231;427;493;168;269;521;179;23;347;50;20;125;343;8;355;140;270;498;266;430;267;265;491;520;353;126;6;362;275;143;346;200;541;128;414;478;256;518;473;216;215;207;12;127;340;559;257;477;558;40;91;531;391;171;431;529;239;165;205;124;52;21;432;479;101;10;522;484;53;312;434;214;57;11;433;372;502;334;99;163;202;169;92;387;9;272;233;180;175;464;93;533;46;492;98;49;420;475;246;315;332;392;470;56;51;422;382;517;167;485;311;90;386;137;544;335;543;359;487;89;423;424;305;273;217;365;363;172;226;426;153;133;243;501;546;100;88;230;496;241;134;352;413;58;282;142;154;274;176;173;505;469;419;86;350;320;258;330;25;425;177;54;259;42;503;139;220;326;417;400;219;105;412;254;383;411;405;333;507;339;369;252;130;374;480;253;360;418;560;286;321;44;41;206;497;406;109;465;327;356;396;43;385;328;174;18;500;5;113;164;508;85;283;132;97;390;407;303;444;240;307;3;87;14;45;532;336;384;349;530;317;442;397;222;509;547;354;306;313;33;204;548;526;357;468;185;302;281;131;403;280;29;408;16;542;141;519;146;83;331;329;429;129;463;528;285;136;483;364;299;325;276;490;314;394;48;399;415;438;67;486;19;545;461;322;293;278;389;178;443;428;310;381;189;59;421;96;494;201;66;277;94;460;404;47;212;193;0;304;138;295;342;409;439;393;316;525;538;68;61;504;476;338;462;17;395;159;440;535;489;26;209;506
32994,2,SSFS,384,366;367;234;102;287;523;104;103;368;288;510;15;184;272;289;280;4;200;205;213;218;266;7;269;549;447;260;239;244;135;445;446;87;226;231;95;345;271;536;84;182;12;265;359;351;100;20;438;3;9;203;216;348;86;83;183;431;350;208;221;347;268;6;425;228;344;227;515;520;364;517;13;92;99;233;229;285;502;507;10;516;423;125;273;429;522;504;8;5;284;267;363;128;201;214;275;93;353;19;181;202;215;354;126;123;168;428;21;241;166;246;270;179;509;163;530;274;175;240;139;503;165;528;533;242;426;134;518;11;252;257;131;207;220;127;90;444;535;124;442;23;141;140;529;430;282;328;88;424;346;85;427;101;169;89;22;352;324;171;286;349;172;365;206;219;94;259;14;432;129;276;505;204;217;531;316;434;230;133;254;355;541;546;174;132;256;24;180;548;253;130;443;17;167;395;543;245;91;97;361;372;433;255;407;164;542;232;105;243;544;281;16;314;393;403;96;360;521;310;508;25;173;170;302;389;283;154;342;136;404;325;519;338;18;397;382;193;318;317;311;396;441;534;500;439;303;408;390;144;472;329;381;304;405;138;326;468;383;330;400;394;391;315;321;496;176;312;153;545;417;319;306;137;385;440;486;398;178;401;406;409;421;320;386;482;461;357;460;356;399;305;113;307;469;98;362;462;384;331;109;488;322;277;410;194;373;26;143;474;374;235;258;33;358;375;387;392;29;436;247;34;155;369;30;308;327;339;278;418;335;420;411;497;415;236;532;53;332;41;437;435;414;336;489;490;50;465;142;146;470;340;473;506;313;559;279;493;343;145;419;422;341;526;377;293;547;463;498;464;333;494;501;412;334;376;177;210;223;209;222;185;491;54;492
33991,3,Variance,384,366;367;234;287;78;79;260;56;77;510;208;221;523;288;102;368;103;549;446;289;445;104;536;447;556;184;182;183;9;40;558;49;52;4;272;247;7;266;269;280;557;200;205;213;218;15;22;203;216;271;350;144;268;142;502;507;87;3;555;297;201;214;23;57;504;58;99;348;517;84;92;515;520;159;265;359;363;6;227;5;86;351;274;270;301;8;83;135;239;244;345;276;229;516;300;296;273;284;55;95;228;64;226;231;347;241;344;158;285;157;431;299;21;427;425;39;100;202;215;125;457;143;41;246;19;20;24;124;522;354;267;53;438;128;89;518;62;12;37;503;240;50;526;298;93;423;127;444;275;509;54;193;42;424;456;233;527;13;459;530;51;428;442;433;429;353;455;430;554;528;533;140;38;458;513;242;514;369;539;540;207;220;141;454;529;552;535;153;94;166;443;179;163;364;243;432;282;134;346;553;139;123;25;328;131;248;165;324;126;105;171;70;14;371;559;286;168;209;222;372;11;88;531;69;206;219;169;71;426;90;295;118;543;548;85;154;33;352;172;252;257;145;72;302;129;538;164;449;10;63;253;560;434;175;130;373;365;452;181;541;546;101;374;197;255;113;249;119;109;316;310;73;155;519;511;349;370;167;512;453;542;212;225;505;293;198;314;230;170;407;156;74;16;281;290;451;254;199;29;185;508;238;117;375;132;211;224;525;75;256;355;195;180;397;174;551;250;76;236;544;26;291;251;325;264;196;235;148;27;283;404;261;192;292;317;111;311;107;97;361;294;450;342;259;210;223;116;35;237;194;277;474;330;36;146;403;173;521;245;28;390;91;304;338;147;263;151;115;393;394;395;381;18;32;360;96;110;133;486;189;318;34;30;357
33991,3,STG,384,547;344;339;383;98;478;228;419;56;284;481;332;347;310;461;498;505;443;520;448;497;417;125;286;259;302;430;19;305;254;477;16;244;492;421;170;411;279;425;474;20;509;85;230;524;528;542;359;304;409;255;362;517;416;328;318;424;507;382;291;414;470;368;58;476;21;501;260;487;314;17;174;172;475;446;221;100;449;398;47;317;45;178;208;271;282;139;95;442;207;91;472;5;6;361;272;205;83;203;136;486;402;320;93;341;246;307;385;491;465;40;365;52;323;496;510;97;276;233;391;388;516;9;394;432;530;357;43;519;313;65;11;306;169;217;434;484;57;315;99;363;403;543;242;493;288;129;138;177;267;270;397;338;351;128;521;445;420;89;431;415;500;506;471;227;123;523;308;312;96;386;335;536;216;126;59;499;330;503;88;537;61;127;206;325;200;558;511;406;533;15;94;410;239;522;275;133;504;18;466;460;163;101;173;439;240;342;441;350;531;131;229;12;182;535;265;280;527;343;473;463;266;303;549;405;214;168;287;232;550;234;7;396;483;311;60;67;418;467;346;532;515;518;353;407;427;268;166;390;184;104;175;401;514;440;137;3;253;468;256;548;462;213;86;433;46;183;480;399;367;319;426;278;49;48;429;447;333;324;395;380;245;327;247;257;457;204;289;502;494;326;413;132;340;252;348;63;164;103;438;366;130;322;495;179;437;273;90;534;215;75;334;479;84;285;356;274;358;297;167;181;299;355;331;269;241;345;69;435;171;102;68;485;436;135;376;540;14;360;140;8;428;72;165;301;281;364;309;469;243;450;352;23;408;53;226;144;296;423;337;141;404;231;41;529;489;180;218;544;50;201;512;378;412;283;66;258;526;176;422;545;4;55;124
33991,3,CAE,384,227;324;218;168;135;21;272;504;241;520;12;509;355;8;200;246;433;518;214;228;99;516;134;348;432;9;517;351;274;531;233;529;244;266;426;242;14;83;276;173;363;535;6;443;172;407;289;164;127;502;268;231;328;350;510;86;100;541;201;139;546;253;349;522;15;271;438;354;282;171;230;87;123;205;216;93;424;254;429;166;219;431;97;521;175;352;344;505;284;364;316;360;428;13;515;94;393;280;286;347;345;84;243;269;133;207;170;383;523;317;430;417;130;434;544;202;533;444;423;285;92;367;342;256;461;288;446;220;184;549;257;240;447;181;169;206;213;486;508;287;18;543;138;125;101;507;167;208;163;215;4;96;536;7;408;165;20;390;275;395;441;283;548;144;232;259;234;396;368;460;124;346;159;397;525;179;366;305;425;226;235;203;530;365;89;229;102;245;42;273;320;260;327;182;90;95;542;442;410;415;277;500;330;472;217;386;489;5;267;221;24;404;154;255;62;325;302;488;321;17;180;132;22;239;382;140;482;427;16;142;126;174;91;331;440;503;387;318;411;359;303;131;474;338;98;534;375;487;291;270;439;381;3;326;129;10;210;362;372;310;265;560;323;511;420;103;406;176;252;309;183;436;204;477;141;361;104;357;468;445;483;422;312;53;394;493;314;528;329;353;45;51;494;471;547;419;137;178;258;335;519;212;177;143;88;497;437;108;224;401;25;11;41;281;492;278;85;194;332;392;526;413;304;506;480;311;469;292;128;343;450;416;421;23;403;409;527;33;339;377;195;306;385;467;466;313;333;418;462;435;465;315;545;475;105;449;107;19;358;389;294;463;391;402;193;155;414;479;384;484;61;356;34;60;185;158;44;50;225;552;113;334;279;136
33991,3,GAEFS,384,247;182;367;510;221;446;288;515;366;287;289;103;549;447;184;22;104;252;516;260;234;368;445;231;183;523;280;144;23;242;24;102;344;95;50;353;346;93;4;351;345;365;259;135;200;536;438;12;10;53;517;347;559;8;528;168;484;239;15;164;208;273;14;40;167;363;558;502;125;520;11;140;204;533;355;85;126;205;52;522;100;229;214;324;507;493;3;134;372;425;359;546;391;503;173;432;54;492;387;83;141;498;84;226;179;413;21;42;20;56;220;172;94;328;228;477;275;169;246;130;245;193;88;478;87;543;98;171;154;5;268;269;132;339;270;419;105;394;49;127;473;143;215;97;57;244;133;202;315;9;501;89;25;396;350;444;415;349;213;17;139;271;491;129;487;58;43;544;427;181;521;433;254;206;373;256;535;442;439;16;241;475;400;428;405;326;285;314;390;426;44;276;519;529;509;153;411;128;90;265;423;465;443;166;464;526;124;142;92;284;46;414;207;422;485;233;304;334;48;312;51;91;340;6;7;469;412;335;385;180;266;479;33;113;308;541;272;338;303;293;341;441;560;330;311;463;41;547;274;508;177;431;136;329;59;386;377;230;317;420;470;163;219;333;364;548;281;429;406;258;305;327;310;302;201;243;320;282;421;545;68;331;170;472;489;461;430;277;30;137;381;86;482;18;29;450;60;357;424;393;101;404;47;318;131;389;500;316;403;480;343;295;483;313;348;436;374;278;476;534;356;342;19;299;165;505;1;358;382;232;497;210;283;468;69;222;362;267;401;306;360;123;175;255;253;322;146;417;397;383;490;203;72;488;496;227;369;542;109;434;392;336;332;532;486;286;185;176;321;148;474;138;61;395;375;471;107;307;384;66;440;407;361;240
33991,3,SSFS,384,366;367;234;102;287;523;104;103;368;288;510;15;184;272;289;280;4;200;205;213;218;266;7;269;549;447;260;239;244;135;445;446;87;226;231;95;345;271;536;84;182;12;265;359;351;20;438;3;100;9;203;216;348;86;183;83;431;350;208;221;347;268;6;425;228;344;227;515;520;364;517;13;92;99;233;229;285;502;507;10;423;516;125;273;429;522;8;504;5;284;267;363;128;201;214;275;93;19;353;181;202;215;123;126;354;168;21;428;241;166;246;270;179;509;530;163;274;175;240;139;503;165;528;533;242;426;134;518;11;252;257;131;207;220;127;90;444;535;124;442;23;140;141;529;430;282;328;88;424;346;85;427;101;169;89;22;352;324;171;286;349;172;365;206;219;94;14;259;432;129;276;505;204;217;531;434;316;230;133;254;355;541;546;174;132;256;24;180;548;253;130;443;17;167;395;543;245;91;97;361;372;433;255;407;164;542;232;105;243;544;281;16;314;393;403;96;360;521;310;25;508;173;170;302;389;283;154;342;136;404;325;519;338;18;397;382;193;318;317;311;396;441;534;500;439;303;408;390;144;472;329;381;304;405;138;326;468;383;330;400;394;391;315;321;496;176;312;153;545;417;319;306;137;385;440;486;398;178;401;406;409;421;320;386;482;461;357;460;356;399;305;113;307;469;98;362;462;384;331;109;488;322;277;410;194;373;26;143;474;374;235;258;33;358;375;387;392;29;247;436;34;155;369;30;308;327;339;278;418;335;420;411;497;236;415;532;53;332;41;437;435;414;336;489;490;50;465;142;146;470;340;473;506;313;559;279;493;343;145;419;422;341;526;377;293;547;463;498;464;333;494;501;412;334;376;210;223;177;209;222;185;491;54;492
34988,4,Variance,384,366;367;234;287;78;79;260;56;77;510;208;221;523;288;102;368;103;549;446;289;445;104;536;447;556;184;182;183;9;40;558;49;52;4;272;247;7;266;269;280;557;200;205;213;218;15;22;203;216;271;350;144;268;142;502;507;87;3;555;297;201;214;23;57;504;58;99;348;517;84;92;515;520;159;265;359;363;6;227;5;86;351;274;270;301;8;83;135;239;244;345;276;229;516;300;296;273;284;55;95;228;64;226;231;347;241;344;158;285;157;431;299;21;427;425;39;100;202;215;125;457;143;41;246;19;20;24;124;522;354;267;53;438;128;89;518;62;12;37;503;240;50;526;298;93;423;127;444;275;509;54;193;42;424;456;233;527;13;459;530;51;428;442;433;429;353;455;430;554;528;533;140;38;458;513;242;514;369;539;540;207;220;141;454;529;552;535;153;94;166;443;179;163;364;243;432;282;134;346;553;139;123;25;328;131;248;165;324;126;105;171;70;14;371;559;286;168;209;222;372;11;88;531;69;206;219;169;71;426;90;295;118;543;548;85;154;33;352;172;252;257;145;72;302;129;538;164;449;10;63;253;560;434;175;130;373;365;452;181;541;546;101;374;197;255;113;249;119;109;316;310;73;155;519;511;349;370;167;512;453;542;212;225;505;293;198;314;230;170;407;156;74;16;281;290;451;254;199;29;185;508;238;117;375;132;211;224;525;75;256;355;195;180;397;174;551;250;76;236;544;26;291;251;325;264;196;235;148;27;283;404;261;192;292;317;111;311;107;97;361;294;450;342;259;210;223;116;35;237;194;277;474;330;36;146;403;173;521;245;28;390;91;304;338;147;263;151;115;393;394;395;381;18;32;360;96;110;133;486;189;318;34;30;357
34988,4,STG,384,308;466;420;494;389;439;91;252;402;491;497;88;396;472;411;340;335;136;387;521;503;56;464;172;405;415;61;168;89;435;101;499;504;256;208;244;97;422;390;384;401;347;484;302;429;246;534;229;175;214;137;479;4;18;253;166;274;364;99;386;177;344;399;174;202;332;304;541;282;333;173;482;520;542;400;393;353;257;286;316;358;461;141;284;19;260;292;164;86;507;207;481;558;331;180;239;412;500;536;336;516;476;419;533;5;43;90;240;93;7;522;495;398;227;428;124;334;493;502;218;265;530;21;505;357;350;135;485;266;397;133;425;354;44;478;15;388;258;285;17;215;490;366;352;437;407;382;488;221;365;410;206;217;288;231;242;367;424;62;273;303;438;441;179;506;291;327;85;548;404;178;311;413;360;343;84;182;432;351;268;322;328;378;49;129;329;320;309;259;281;339;518;362;60;307;549;96;487;205;330;449;234;94;545;501;323;47;315;305;510;130;433;226;139;391;528;276;416;317;524;95;213;345;57;314;523;125;325;468;446;324;170;163;517;450;445;431;267;409;8;508;102;473;368;489;247;277;40;269;92;348;87;496;469;275;544;255;341;64;306;427;515;123;492;434;58;165;228;184;359;76;550;16;394;406;289;346;321;59;529;138;181;363;403;216;272;444;270;48;230;20;103;290;310;342;465;436;204;326;385;470;203;46;287;471;72;447;9;280;140;201;543;519;279;474;356;509;460;486;546;183;128;232;313;547;104;430;200;169;498;3;483;457;126;514;475;13;319;134;349;127;421;537;426;220;74;63;383;45;219;300;532;50;245;355;540;11;312;480;14;98;442;370;68;10;6;392;41;448;283;73;167;233;248;295;23;53;296;243;423;381;70;52;535
34988,4,CAE,384,244;216;269;518;280;523;530;257;265;128;240;3;543;100;9;507;522;354;442;283;266;350;367;132;207;284;430;282;447;515;520;95;175;226;230;363;503;168;181;14;164;213;259;446;508;165;268;348;173;6;103;431;246;408;123;400;135;87;227;228;84;276;220;274;359;549;352;129;242;124;285;214;533;102;443;15;302;234;202;252;241;344;345;509;364;18;324;444;393;438;516;423;233;316;542;358;517;351;22;217;20;529;166;205;7;281;85;541;134;425;104;12;89;275;180;167;330;255;16;346;13;91;172;504;229;535;127;434;424;21;460;366;382;144;169;355;328;139;4;201;436;11;179;505;519;407;289;270;528;287;208;375;315;396;219;410;131;395;546;427;397;383;417;310;365;521;536;23;243;239;215;125;273;342;232;404;141;88;182;137;130;496;307;314;368;267;428;99;272;271;97;19;5;54;449;24;90;510;409;200;8;163;548;440;441;86;245;254;10;153;357;206;203;385;326;391;525;304;319;486;445;349;426;296;170;377;502;94;305;405;312;142;415;236;221;483;92;311;218;411;140;174;331;41;497;414;83;286;472;51;433;432;183;223;320;235;468;277;50;98;527;288;381;159;361;450;394;93;390;126;101;531;253;544;25;461;401;303;337;136;33;338;406;105;260;353;332;42;469;317;418;154;437;545;247;318;231;184;347;476;429;462;194;384;534;171;482;422;340;37;398;48;490;494;143;29;133;336;439;481;195;62;329;388;511;421;448;389;138;488;470;372;212;325;308;473;420;487;479;322;500;306;321;501;380;558;413;204;356;278;155;327;463;491;78;258;552;493;30;115;334;392;485;193;279;403;360;537;489;53;291;47;96;506;374;210;471;378;109;108;477;113;176;550
34988,4,GAEFS,384,103;348;245;366;475;368;367;23;247;287;536;446;231;85;102;182;477;183;409;141;549;534;447;139;232;234;88;523;340;181;393;273;221;213;381;204;177;228;361;412;493;200;289;342;84;508;260;491;345;421;215;184;244;343;282;541;4;164;339;208;468;229;510;492;472;175;6;89;83;91;353;478;347;413;419;422;442;163;127;483;272;502;97;362;482;389;104;219;334;522;271;439;503;125;288;270;385;530;355;498;22;391;346;133;463;321;479;354;411;431;101;257;303;170;233;16;140;24;418;487;258;310;216;281;123;501;331;130;19;124;166;267;227;398;445;137;415;414;440;86;505;547;176;20;500;206;383;517;217;169;417;425;544;330;254;424;332;460;308;520;382;328;302;509;242;316;336;8;465;403;138;307;350;335;92;18;351;438;333;284;360;172;344;220;283;275;407;488;201;325;173;9;135;314;386;87;286;515;397;441;259;96;464;269;548;266;17;364;218;545;516;338;144;473;408;174;178;10;396;518;95;154;359;180;399;90;304;265;167;324;497;241;489;429;542;168;480;209;496;311;3;558;444;105;126;420;410;205;179;49;94;521;239;387;390;165;430;134;546;12;306;171;277;470;352;423;128;319;25;357;394;7;543;13;50;485;14;365;462;559;326;349;461;535;384;143;136;15;280;53;466;404;52;433;507;255;395;317;210;531;519;99;5;246;428;469;484;538;318;392;40;146;226;230;401;131;51;315;504;435;21;252;41;256;528;406;313;490;434;223;56;486;372;59;532;400;98;214;202;494;29;443;373;222;476;100;374;207;253;145;142;274;405;193;279;268;305;356;236;322;67;426;248;150;113;11;194;526;153;341;73;293;203;58;235;109;44;427;512;61;46;323;474;185
34988,4,SSFS,384,366;367;234;102;287;523;104;103;368;288;510;15;184;272;289;280;4;200;205;213;218;266;7;269;549;447;260;239;244;135;445;446;87;226;231;95;345;271;536;84;182;12;265;359;351;20;438;3;100;9;203;216;348;86;183;83;431;350;208;221;347;268;6;425;228;344;227;515;520;364;517;13;92;99;233;229;285;502;507;10;423;516;125;273;429;522;8;504;5;284;267;363;128;201;214;275;93;19;353;181;202;215;123;126;354;168;21;428;241;166;246;270;179;509;530;163;274;175;240;139;503;165;528;533;242;426;134;518;11;252;257;131;207;220;127;90;444;535;124;442;23;140;141;529;430;282;328;88;424;346;85;427;101;169;89;22;352;324;171;286;349;172;365;206;219;94;14;259;432;129;276;505;204;217;531;434;316;230;133;254;355;541;546;174;132;256;24;180;548;253;130;443;17;167;395;543;245;91;97;361;372;433;255;407;164;542;232;105;243;544;281;16;314;393;403;96;360;521;310;25;508;173;170;302;389;283;154;342;136;404;325;519;338;18;397;382;193;318;317;311;396;441;534;500;439;303;408;390;144;472;329;381;304;405;138;326;468;383;330;400;394;391;315;321;496;176;312;153;545;417;319;306;137;385;440;486;398;178;401;406;409;421;320;386;482;461;357;460;356;399;305;113;307;469;98;362;462;384;331;109;488;322;277;410;194;373;26;143;474;374;235;258;33;358;375;387;392;29;247;436;34;155;369;30;308;327;339;278;418;335;420;411;497;236;415;532;53;332;41;437;435;414;336;489;490;50;465;142;146;470;340;473;506;313;559;279;493;343;145;419;422;341;526;377;293;547;463;498;464;333;494;501;412;334;376;210;223;177;209;222;185;491;54;492
35985,5,Variance,384,366;367;234;287;78;79;260;56;77;510;208;221;523;288;102;368;103;549;446;289;445;104;536;447;556;184;182;183;9;40;558;49;52;4;272;247;7;266;269;280;557;200;205;213;218;15;22;203;216;271;350;144;268;142;502;507;87;3;555;297;201;214;23;57;504;58;99;348;517;84;92;515;520;159;265;359;363;6;227;5;86;351;274;270;301;8;83;135;239;244;345;276;229;516;300;296;273;284;55;95;228;64;226;231;347;241;344;158;285;157;431;299;21;427;425;39;100;202;215;125;457;143;41;246;19;20;24;124;522;354;267;53;438;128;89;518;62;12;37;503;240;50;526;298;93;423;127;444;275;509;54;193;42;424;456;233;527;13;459;530;51;428;442;433;429;353;455;430;554;528;533;140;38;458;513;242;514;369;539;540;207;220;141;454;529;552;535;153;94;166;443;179;163;364;243;432;282;134;346;553;139;123;25;328;131;248;165;324;126;105;171;70;14;371;559;286;168;209;222;372;11;88;531;69;206;219;169;71;426;90;295;118;543;548;85;154;33;352;172;252;257;145;72;302;129;538;164;449;10;63;253;560;434;175;130;373;365;452;181;541;546;101;374;197;255;113;249;119;109;316;310;73;155;519;511;349;370;167;512;453;542;212;225;505;293;198;314;230;170;407;156;74;16;281;290;451;254;199;29;185;508;238;117;375;132;211;224;525;75;256;355;195;180;397;174;551;250;76;236;544;26;291;251;325;264;196;235;148;27;283;404;261;192;292;317;111;311;107;97;361;294;450;342;259;210;223;116;35;237;194;277;474;330;36;146;403;173;521;245;28;390;91;304;338;147;263;151;115;393;394;395;381;18;32;360;96;110;133;486;189;318;34;30;357
35985,5,STG,384,461;484;315;464;173;487;310;208;494;416;320;221;246;501;6;343;421;420;346;15;541;534;407;89;475;443;19;233;477;415;169;329;17;345;417;548;502;492;476;217;468;429;101;306;431;267;303;497;234;524;368;463;460;357;412;245;141;324;240;411;175;519;130;391;358;135;470;515;138;537;46;547;61;408;180;399;230;535;449;528;94;473;62;500;59;481;367;313;404;352;439;87;308;432;384;277;168;181;311;290;507;550;522;447;531;510;486;60;99;362;441;424;231;516;289;328;137;92;448;49;317;425;176;446;8;284;280;344;3;348;333;480;307;469;171;56;445;517;291;229;355;365;270;536;331;347;466;434;52;381;413;318;288;244;503;206;203;260;242;268;219;302;129;498;18;178;508;549;478;44;124;93;228;360;442;127;273;532;164;84;287;279;285;397;423;179;483;88;363;491;166;386;47;165;506;45;163;428;274;402;286;359;282;400;482;523;395;103;427;95;102;444;58;342;68;462;16;204;405;327;21;254;96;353;201;202;83;281;509;544;529;323;388;496;167;474;341;272;232;350;380;336;252;63;20;104;394;259;216;393;241;533;321;183;410;401;465;57;247;213;378;170;100;440;437;48;546;436;335;239;505;128;182;123;304;364;339;43;86;314;337;133;396;361;406;366;226;40;5;97;292;90;430;275;385;265;9;493;390;184;132;276;255;220;326;382;227;257;177;422;545;305;14;200;76;485;387;438;338;243;467;91;134;256;392;332;558;504;214;520;383;518;207;450;426;471;489;457;126;530;330;398;71;334;351;125;325;22;278;419;218;269;340;75;131;10;409;7;258;297;322;253;66;72;403;488;67;349;74;140;215;527;4;271;24;70;144;172;283;514;521;266;379;53
35985,5,CAE,384,215;94;348;351;443;344;4;271;100;203;95;430;507;168;425;125;359;99;20;132;169;276;526;438;289;364;265;228;172;227;230;13;200;214;426;355;259;267;252;280;328;93;170;91;6;444;245;220;549;226;282;90;529;431;546;519;213;7;5;447;522;134;442;363;516;179;219;96;243;175;427;518;255;310;241;253;515;8;139;131;433;3;171;218;302;104;528;347;284;510;130;421;367;274;11;163;275;229;368;509;541;432;206;311;202;239;504;123;257;285;140;15;365;85;531;102;434;174;141;135;167;128;232;86;137;346;51;233;349;254;281;126;266;345;246;42;520;133;14;395;521;446;315;97;535;508;361;523;272;350;353;405;268;234;356;500;173;184;92;205;180;178;389;548;142;21;19;129;201;325;183;283;53;12;153;127;338;288;208;316;503;124;324;366;397;317;488;87;502;423;224;543;462;242;89;240;166;505;544;449;18;231;536;357;533;424;10;181;461;194;256;314;400;318;9;164;54;41;273;138;383;193;24;320;23;304;352;360;384;204;182;244;17;381;417;260;269;440;496;286;342;436;532;409;207;216;445;26;84;83;217;154;329;511;517;98;50;322;103;474;486;212;312;483;385;279;326;270;407;144;560;506;435;45;358;16;306;165;101;307;386;362;493;88;437;235;403;258;339;105;323;393;327;330;305;396;406;468;354;429;291;490;414;399;422;530;22;390;303;336;441;392;379;450;375;313;547;109;143;479;463;223;491;404;473;527;372;411;401;545;550;309;377;287;477;292;537;321;221;408;485;159;319;376;469;428;472;559;296;378;487;439;382;113;470;62;238;391;25;195;332;176;388;225;71;337;394;489;410;155;210;418;398;460;277;420;494;30;465;538;196;499;481;542
35985,5,GAEFS,384,102;183;287;247;445;366;184;221;510;260;234;523;103;4;208;289;104;516;447;429;368;446;536;549;200;288;100;24;3;367;493;227;182;135;228;214;141;478;23;413;22;427;15;163;477;343;168;177;267;226;473;84;266;347;335;265;233;166;140;546;363;133;517;491;272;240;86;501;179;339;101;286;492;14;498;333;5;127;394;215;239;387;170;479;144;281;172;229;10;131;515;521;231;20;520;241;345;310;252;95;475;165;17;271;487;220;507;349;558;352;93;431;202;270;484;246;49;340;372;331;154;44;153;6;480;355;41;143;351;328;362;88;91;321;134;216;9;389;8;397;559;381;11;332;419;12;433;391;50;346;465;164;244;418;283;105;428;535;350;217;175;382;307;502;441;440;412;7;207;434;533;396;19;306;258;173;242;423;543;43;53;83;167;56;330;422;353;338;409;180;544;52;348;420;59;124;178;274;282;255;531;284;275;560;314;324;508;40;414;532;171;393;547;280;474;534;469;464;181;468;470;489;421;530;61;398;404;126;482;472;16;285;426;302;222;174;344;463;400;85;230;438;113;96;206;254;462;401;169;29;46;125;109;132;483;136;334;342;439;361;138;92;522;305;486;257;415;395;245;42;392;383;411;341;57;476;385;359;213;18;303;541;33;137;99;374;442;460;322;205;311;98;417;313;89;365;485;316;218;146;326;219;30;279;505;496;312;408;526;548;500;336;203;308;424;21;243;204;60;503;193;209;223;253;47;373;444;277;430;403;461;390;189;360;210;48;145;128;405;269;94;356;386;87;527;432;327;25;399;488;325;315;425;259;176;139;1;123;142;519;68;299;384;538;504;54;449;90;354;45;436;506;236;235;410;130;512;466;256;225;304;58;378;0
35985,5,SSFS,384,366;367;234;102;287;523;104;103;368;288;510;15;184;272;289;280;4;200;205;213;218;266;7;269;549;447;260;239;244;135;445;446;87;226;231;95;345;271;536;84;182;12;265;359;351;20;438;3;100;9;203;216;348;86;183;83;431;350;208;221;347;268;6;425;228;344;227;515;520;364;517;13;92;99;233;229;285;502;507;10;423;516;125;273;429;522;8;504;5;284;267;363;128;201;214;275;93;19;353;181;202;215;123;126;354;168;21;428;241;166;246;270;179;509;530;163;274;175;240;139;503;165;528;533;242;426;134;518;11;252;257;131;207;220;127;90;444;535;124;442;23;140;141;529;430;282;328;88;424;346;85;427;101;169;89;22;352;324;171;286;349;172;365;206;219;94;14;259;432;129;276;505;204;217;531;434;316;230;133;254;355;541;546;174;132;256;24;180;548;253;130;443;17;167;395;543;245;91;97;361;372;433;255;407;164;542;232;105;243;544;281;16;314;393;403;96;360;521;310;25;508;173;170;302;389;283;154;342;136;404;325;519;338;18;397;382;193;318;317;311;396;441;534;500;439;303;408;390;144;472;329;381;304;405;138;326;468;383;330;400;394;391;315;321;496;176;312;153;545;417;319;306;137;385;440;486;398;178;401;406;409;421;320;386;482;461;357;460;356;399;305;113;307;469;98;362;462;384;331;109;488;322;277;410;194;373;26;143;474;374;235;258;33;358;375;387;392;29;247;436;34;155;369;30;308;327;339;278;418;335;420;411;497;236;415;532;53;332;41;437;435;414;336;489;490;50;465;142;146;470;340;473;506;313;559;279;493;343;145;419;422;341;526;377;293;547;463;498;464;333;494;501;412;334;376;210;223;177;209;222;185;491;54;492
36982,6,Variance,384,366;367;234;287;78;79;260;56;77;510;208;221;523;288;102;368;103;549;446;289;445;104;536;447;556;184;182;183;9;40;558;49;52;4;272;247;7;266;269;280;557;200;205;213;218;15;22;203;216;271;350;144;268;142;502;507;87;3;555;297;201;214;23;57;504;58;99;348;517;84;92;515;520;159;265;359;363;6;227;5;86;351;274;270;301;8;83;135;239;244;345;276;229;516;300;296;273;284;55;95;228;64;226;231;347;241;344;158;285;157;431;299;21;427;425;39;100;202;215;125;457;143;41;246;19;20;24;124;522;354;267;53;438;128;89;518;62;12;37;503;240;50;526;298;93;423;127;444;275;509;54;193;42;424;456;233;527;13;459;530;51;428;442;433;429;353;455;430;554;528;533;140;38;458;513;242;514;369;539;540;207;220;141;454;529;552;535;153;94;166;443;179;163;364;243;432;282;134;346;553;139;123;25;328;131;248;165;324;126;105;171;70;14;371;559;286;168;209;222;372;11;88;531;69;206;219;169;71;426;90;295;118;543;548;85;154;33;352;172;252;257;145;72;302;129;538;164;449;10;63;253;560;434;175;130;373;365;452;181;541;546;101;374;197;255;113;249;119;109;316;310;73;155;519;511;349;370;167;512;453;542;212;225;505;293;198;314;230;170;407;156;74;16;281;290;451;254;199;29;185;508;238;117;375;132;211;224;525;75;256;355;195;180;397;174;551;250;76;236;544;26;291;251;325;264;196;235;148;27;283;404;261;192;292;317;111;311;107;97;361;294;450;342;259;210;223;116;35;237;194;277;474;330;36;146;403;173;521;245;28;390;91;304;338;147;263;151;115;393;394;395;381;18;32;360;96;110;133;486;189;318;34;30;357
36982,6,STG,384,391;476;403;384;208;167;306;339;460;221;472;464;346;83;542;405;60;204;421;90;463;335;260;291;207;475;427;401;303;177;481;518;530;494;479;495;103;507;386;490;232;126;510;228;213;331;445;417;535;433;486;534;234;431;520;462;5;253;231;357;163;366;412;99;544;254;354;522;63;333;252;266;284;95;257;469;506;532;502;305;446;508;441;233;181;517;3;242;474;480;220;435;328;478;383;312;485;364;85;259;215;461;355;226;359;203;288;219;385;484;332;183;173;6;46;267;348;402;499;426;389;326;536;166;164;548;280;178;367;337;304;205;243;489;311;398;239;274;137;244;470;413;313;184;66;102;180;273;100;289;62;57;448;98;438;307;368;325;171;216;444;136;347;523;241;45;376;206;504;202;467;414;365;279;316;165;436;124;528;88;287;531;515;336;48;245;314;483;468;170;430;418;500;493;87;546;86;18;362;7;92;21;392;104;428;179;549;318;172;505;322;344;360;246;410;492;229;496;327;272;285;59;4;351;473;315;101;281;8;270;182;382;378;271;96;200;487;265;140;447;400;20;227;341;282;482;519;466;387;340;40;411;324;125;218;323;89;319;425;511;442;533;310;497;457;343;388;450;541;423;434;269;509;419;432;350;308;56;9;169;76;12;16;440;345;134;201;393;174;61;516;477;498;64;138;67;131;439;358;409;356;23;352;91;443;58;133;397;329;255;395;168;127;230;424;214;407;290;338;144;277;399;256;175;278;420;415;543;381;396;558;130;545;97;52;139;176;22;503;363;529;521;268;49;129;406;540;93;286;247;422;301;14;240;123;135;47;471;13;501;258;276;217;11;71;550;465;449;537;491;437;19;10;553;379;68;132;248;69;320;488;299;390;371
36982,6,CAE,384,92;3;227;239;93;273;257;95;548;502;345;7;13;528;283;184;231;353;15;285;516;83;515;14;20;275;205;427;214;201;8;203;244;349;213;140;432;175;218;5;266;230;219;520;143;128;346;443;328;132;11;254;89;171;364;19;215;347;84;302;523;200;265;529;423;510;503;168;21;417;431;233;94;127;202;517;359;531;324;165;424;85;206;126;274;267;433;226;445;355;22;315;172;444;207;518;530;407;286;365;228;316;255;310;155;288;96;133;280;260;256;54;271;543;12;519;269;33;509;375;363;99;181;90;446;229;379;354;103;348;507;180;533;504;144;125;367;426;179;135;331;216;6;442;270;241;252;220;398;317;268;486;522;428;204;276;242;314;549;243;100;16;447;396;429;361;351;4;511;287;259;403;234;360;342;366;289;319;9;104;163;62;425;139;246;344;311;382;24;430;441;535;253;356;282;245;508;329;272;130;544;332;409;325;350;221;134;169;284;86;101;141;167;434;318;405;296;123;386;534;305;235;102;320;42;438;469;170;482;50;129;225;465;88;389;87;341;137;131;174;53;408;358;307;545;505;124;232;277;182;411;164;41;496;474;208;306;536;136;376;91;393;400;383;542;240;546;385;368;23;547;193;108;527;338;395;183;321;195;399;437;217;29;10;381;154;404;560;440;415;392;495;494;421;390;166;384;322;333;352;97;402;258;303;309;357;480;343;526;292;532;51;98;279;153;336;466;18;304;521;138;487;439;420;142;308;506;211;488;394;410;173;476;48;406;401;25;56;541;30;223;462;326;491;490;470;224;525;477;468;281;537;499;340;176;147;414;483;380;472;500;60;449;461;312;295;78;337;118;492;497;412;391;501;436;44;419;278;26;177;559;377;209;159
36982,6,GAEFS,384,208;446;182;247;523;366;221;104;549;288;510;346;368;102;515;267;344;23;227;183;260;536;233;91;287;24;445;103;12;171;269;22;200;168;271;477;252;135;353;234;367;546;343;558;239;128;87;101;447;184;275;216;348;253;345;181;432;522;166;15;498;3;326;280;213;172;438;100;4;242;52;501;413;226;259;92;179;400;93;244;215;487;505;433;85;364;98;516;430;312;428;362;482;49;7;257;480;218;394;405;352;175;547;88;313;289;478;25;530;484;419;442;544;502;463;423;347;144;8;124;231;424;387;14;414;507;284;334;207;165;40;11;420;86;133;282;350;412;491;6;385;411;406;53;521;392;44;228;201;493;429;94;20;479;141;177;517;58;528;139;355;59;96;41;529;167;475;131;163;425;136;464;273;339;140;109;462;473;10;488;492;335;89;265;56;51;415;205;258;470;138;443;422;217;142;99;127;338;418;520;386;342;21;125;50;46;173;193;330;393;359;43;483;485;316;519;472;283;533;548;170;9;270;17;465;363;391;18;57;60;431;365;440;340;16;154;403;272;285;19;178;256;360;545;97;180;471;518;421;266;427;129;534;333;123;407;381;541;496;332;357;13;105;206;254;349;354;47;229;356;126;351;398;318;302;230;417;5;532;202;276;395;54;508;324;504;306;268;374;468;245;219;503;331;408;543;69;409;203;486;426;174;439;310;494;559;281;48;314;61;26;441;320;327;169;278;389;311;45;222;397;146;304;134;489;204;436;322;210;341;214;246;137;382;460;274;176;531;1;95;83;130;305;377;490;542;68;248;434;375;560;466;526;42;319;369;476;535;500;84;236;209;303;143;383;399;461;317;444;90;372;243;240;293;506;220;277;308;164;286;153;30;401;328
36982,6,SSFS,384,366;367;234;102;287;523;104;103;368;288;510;15;184;272;289;280;4;200;205;213;218;266;7;269;549;447;260;239;244;135;445;446;87;226;231;95;345;271;536;84;182;12;265;359;351;100;20;438;3;9;203;216;348;86;83;183;431;350;208;221;347;268;6;425;228;344;227;515;520;364;517;13;92;99;233;229;285;502;507;10;516;423;125;273;429;522;504;8;5;284;267;363;128;201;214;275;93;353;19;181;202;215;354;126;123;168;428;21;241;166;246;270;179;509;163;530;274;175;240;139;503;165;528;533;242;426;134;518;11;252;257;131;207;220;127;90;444;535;124;442;23;141;140;529;430;282;328;88;424;346;85;427;101;169;89;22;352;324;171;286;349;172;365;206;219;94;259;14;432;129;276;505;204;217;531;316;434;230;133;254;355;541;546;174;132;256;24;180;548;253;130;443;17;167;395;543;245;91;97;361;372;433;255;407;164;542;232;105;243;544;281;16;314;393;403;96;360;521;310;508;25;173;170;302;389;283;154;342;136;404;325;519;338;18;397;382;193;318;317;311;396;441;534;500;439;303;408;390;144;472;329;381;304;405;138;326;468;383;330;400;394;391;315;321;496;176;312;153;545;417;319;306;137;385;440;486;398;178;401;406;409;421;320;386;482;461;357;460;356;399;305;113;307;469;98;362;462;384;331;109;488;322;277;410;194;373;26;143;474;374;235;258;33;358;375;387;392;29;436;247;34;155;369;30;308;327;339;278;418;335;420;411;497;415;236;532;53;332;41;437;435;414;336;489;490;50;465;142;146;470;340;473;506;313;559;279;493;343;145;419;422;341;526;377;293;547;463;498;464;333;494;501;412;334;376;177;210;223;209;222;185;491;54;492
37979,7,Variance,384,366;367;234;287;78;79;260;56;77;510;208;221;523;288;102;368;103;549;446;289;445;104;536;447;556;184;182;183;9;40;558;49;52;4;272;247;7;266;269;280;557;200;205;213;218;15;22;203;216;271;350;144;268;142;502;507;87;3;555;297;201;214;23;57;504;58;99;348;517;84;92;515;520;159;265;359;363;6;227;5;86;351;274;270;301;8;83;135;239;244;345;276;229;516;300;296;273;284;55;95;228;64;226;231;347;241;344;158;285;157;431;299;21;427;425;39;100;202;215;125;457;143;41;246;19;20;24;124;522;354;267;53;438;128;89;518;62;12;37;503;240;50;526;298;93;423;127;444;275;509;54;193;42;424;456;233;527;13;459;530;51;428;442;433;429;353;455;430;554;528;533;140;38;458;513;242;514;369;539;540;207;220;141;454;529;552;535;153;94;166;443;179;163;364;243;432;282;134;346;553;139;123;25;328;131;248;165;324;126;105;171;70;14;371;559;286;168;209;222;372;11;88;531;69;206;219;169;71;426;90;295;118;543;548;85;154;33;352;172;252;257;145;72;302;129;538;164;449;10;63;253;560;434;175;130;373;365;452;181;541;546;101;374;197;255;113;249;119;109;316;310;73;155;519;511;349;370;167;512;453;542;212;225;505;293;198;314;230;170;407;156;74;16;281;290;451;254;199;29;185;508;238;117;375;132;211;224;525;75;256;355;195;180;397;174;551;250;76;236;544;26;291;251;325;264;196;235;148;27;283;404;261;192;292;317;111;311;107;97;361;294;450;342;259;210;223;116;35;237;194;277;474;330;36;146;403;173;521;245;28;390;91;304;338;147;263;151;115;393;394;395;381;18;32;360;96;110;133;486;189;318;34;30;357
37979,7,STG,384,221;446;208;56;260;139;87;254;166;351;360;495;323;288;515;445;307;180;439;441;133;425;447;318;359;426;516;20;234;528;342;289;171;231;405;486;434;232;367;558;102;279;356;183;309;266;136;402;469;429;203;521;182;520;549;274;52;6;331;541;205;302;9;348;201;341;497;280;537;358;229;84;407;363;184;347;243;510;505;97;92;519;420;16;44;228;533;431;364;163;481;460;40;403;440;406;365;499;465;306;353;252;167;101;313;49;271;268;388;461;330;536;103;462;11;17;292;128;546;448;218;287;172;127;245;47;204;391;259;329;498;501;57;242;335;419;344;233;41;485;368;265;346;502;95;404;517;60;200;424;138;50;534;104;46;381;401;387;85;438;523;415;123;61;550;418;130;398;283;253;88;494;165;286;227;325;215;304;507;366;3;529;547;269;442;322;270;487;83;135;389;543;422;343;479;219;393;58;482;303;433;174;332;430;314;319;350;285;328;141;282;408;173;392;450;382;177;230;542;509;86;255;544;4;5;435;94;175;484;246;471;244;376;178;176;311;15;436;333;483;383;14;432;470;492;449;48;324;66;247;144;473;474;168;170;559;89;413;548;214;7;316;62;437;206;241;518;421;93;466;125;315;476;412;327;511;443;386;345;475;53;220;134;394;181;416;320;284;216;291;535;524;59;317;493;96;457;290;338;226;258;417;488;23;239;532;308;390;126;202;553;19;463;362;90;527;310;169;336;275;395;124;361;257;74;91;207;489;478;427;13;337;496;22;522;267;277;472;321;378;354;397;305;99;240;45;531;384;380;428;72;503;410;312;67;18;129;278;100;43;273;508;79;24;545;411;506;68;477;213;98;480;464;281;12;297;248;530;490;399;76;132;63;276
37979,7,CAE,384,89;99;4;288;214;206;526;220;207;201;83;284;127;85;246;259;202;84;272;125;132;347;254;350;229;230;86;130;3;131;234;364;7;90;242;425;213;541;270;400;346;11;276;252;241;129;543;426;140;328;12;169;95;363;6;397;94;389;221;289;20;516;530;345;351;135;92;510;379;232;87;317;271;181;427;546;432;503;286;528;535;443;273;5;126;124;433;218;367;166;179;240;96;353;216;519;203;23;171;438;423;509;310;243;100;19;429;239;21;280;531;355;219;267;141;184;431;226;368;168;352;461;444;304;128;266;515;281;101;536;360;144;348;442;174;529;268;275;520;408;175;428;434;163;244;91;441;324;549;274;10;265;522;123;518;173;134;403;321;182;183;217;523;282;255;42;548;200;390;366;330;205;440;253;505;256;8;16;22;245;30;180;504;236;542;133;167;97;445;193;544;386;314;521;165;312;409;9;338;404;508;359;285;384;227;24;231;447;297;527;325;354;215;54;417;517;269;424;393;361;137;104;502;228;257;311;258;93;103;342;143;13;33;395;316;357;349;155;511;170;460;109;481;50;287;375;344;318;14;507;277;260;62;405;407;486;172;480;383;159;446;538;396;307;224;533;406;358;362;376;436;306;496;315;279;233;365;113;208;53;439;139;399;472;322;339;15;545;326;430;102;142;204;468;410;463;411;308;223;319;421;394;377;470;88;335;296;59;494;437;401;392;136;235;489;547;466;416;477;177;382;302;225;525;178;195;17;69;385;329;419;391;491;559;473;499;51;47;320;356;492;475;332;398;164;560;418;550;278;45;462;449;196;18;298;154;138;61;153;41;305;387;118;283;108;500;506;488;331;309;497;372;532;334;27;336;34;25;340;294;482;435;484;381
37979,7,GAEFS,384,221;549;20;208;247;333;445;166;446;289;498;334;234;501;487;177;475;349;98;181;422;288;87;424;15;183;531;101;182;492;523;362;85;350;352;228;22;258;23;547;170;184;517;414;245;491;503;332;478;260;510;240;287;421;360;392;229;231;447;280;394;484;8;275;175;346;413;419;493;163;520;103;329;548;180;442;203;367;88;83;128;479;176;89;232;59;477;441;283;227;285;463;412;343;131;521;303;274;246;244;311;310;536;86;439;335;340;16;24;364;344;124;205;253;6;93;91;14;326;400;418;242;464;411;137;482;393;273;542;179;46;43;485;546;136;97;312;307;139;351;3;193;368;363;401;430;226;284;56;144;328;420;440;399;266;267;366;41;92;426;465;355;469;254;214;271;164;339;386;505;372;104;483;417;96;13;276;113;476;470;473;502;431;102;306;490;385;7;95;354;268;365;84;135;109;282;200;132;12;558;9;387;308;40;396;427;518;302;218;123;507;533;233;52;4;515;314;345;500;243;336;391;99;460;305;509;429;178;259;415;508;390;438;405;165;342;389;18;545;313;544;409;11;143;341;338;21;256;61;272;497;528;213;480;127;316;486;257;169;220;130;141;167;10;133;534;5;403;30;434;265;408;154;140;173;404;322;443;359;270;315;381;347;382;219;17;90;19;423;33;462;374;466;330;26;69;286;239;373;138;324;496;145;48;325;522;543;172;384;559;444;171;468;541;230;304;44;45;489;269;222;318;1;535;410;201;348;488;525;153;532;216;105;204;472;25;49;54;353;29;474;331;94;202;0;432;321;206;210;317;560;383;281;100;209;530;207;499;50;185;516;60;407;134;146;278;361;252;299;174;358;47;512;461;53;397;425;433;526;395;42;241;255;406
37979,7,SSFS,384,366;367;234;102;287;523;104;103;368;288;510;15;184;272;289;280;4;200;205;213;218;266;7;269;549;447;260;239;244;135;445;446;87;226;231;95;345;271;536;84;182;12;265;359;351;100;20;438;3;9;203;216;348;86;83;183;431;350;208;221;347;268;6;425;228;344;227;515;520;364;517;13;92;99;233;229;285;502;507;10;516;423;125;273;429;522;504;8;5;284;267;363;128;201;214;275;93;353;19;181;202;215;354;126;123;168;428;21;241;166;246;270;179;509;163;530;274;175;240;139;503;165;528;533;242;426;134;518;11;252;257;131;207;220;127;90;444;535;124;442;23;141;140;529;430;282;328;88;424;346;85;427;101;169;89;22;352;324;171;286;349;172;365;206;219;94;259;14;432;129;276;505;204;217;531;316;434;230;133;254;355;541;546;174;132;256;24;180;548;253;130;443;17;167;395;543;245;91;97;361;372;433;255;407;164;542;232;105;243;544;281;16;314;393;403;96;360;521;310;508;25;173;170;302;389;283;154;342;136;404;325;519;338;18;397;382;193;318;317;311;396;441;534;500;439;303;408;390;144;472;329;381;304;405;138;326;468;383;330;400;394;391;315;321;496;176;312;153;545;417;319;306;137;385;440;486;398;178;401;406;409;421;320;386;482;461;357;460;356;399;305;113;307;469;98;362;462;384;331;109;488;322;277;410;194;373;26;143;474;374;235;258;33;358;375;387;392;29;436;247;34;155;369;30;308;327;339;278;418;335;420;411;497;415;236;532;53;332;41;437;435;414;336;489;490;50;465;142;146;470;340;473;506;313;559;279;493;343;145;419;422;341;526;377;293;547;463;498;464;333;494;501;412;334;376;177;210;223;209;222;185;491;54;492
38976,8,Variance,384,366;367;234;287;78;79;260;56;77;510;208;221;523;288;102;368;103;549;446;289;445;104;536;447;556;184;182;183;9;40;558;49;52;4;272;247;7;266;269;280;557;200;205;213;218;15;22;203;216;271;350;144;268;142;502;507;87;3;555;297;201;214;23;57;504;58;99;348;517;84;92;515;520;159;265;359;363;6;227;5;86;351;274;270;301;8;83;135;239;244;345;276;229;516;300;296;273;284;55;95;228;64;226;231;347;241;344;158;285;157;431;299;21;427;425;39;100;202;215;125;457;143;41;246;19;20;24;124;522;354;267;53;438;128;89;518;62;12;37;503;240;50;526;298;93;423;127;444;275;509;54;193;42;424;456;233;527;13;459;530;51;428;442;433;429;353;455;430;554;528;533;140;38;458;513;242;514;369;539;540;207;220;141;454;529;552;535;153;94;166;443;179;163;364;243;432;282;134;346;553;139;123;25;328;131;248;165;324;126;105;171;70;14;371;559;286;168;209;222;372;11;88;531;69;206;219;169;71;426;90;295;118;543;548;85;154;33;352;172;252;257;145;72;302;129;538;164;449;10;63;253;560;434;175;130;373;365;452;181;541;546;101;374;197;255;113;249;119;109;316;310;73;155;519;511;349;370;167;512;453;542;212;225;505;293;198;314;230;170;407;156;74;16;281;290;451;254;199;29;185;508;238;117;375;132;211;224;525;75;256;355;195;180;397;174;551;250;76;236;544;26;291;251;325;264;196;235;148;27;283;404;261;192;292;317;111;311;107;97;361;294;450;342;259;210;223;116;35;237;194;277;474;330;36;146;403;173;521;245;28;390;91;304;338;147;263;151;115;393;394;395;381;18;32;360;96;110;133;486;189;318;34;30;357
38976,8,STG,384,418;411;89;208;173;387;56;443;466;87;494;207;292;307;221;258;241;178;166;218;314;279;305;518;338;429;312;6;384;460;343;415;326;335;252;141;315;337;124;318;342;544;83;273;219;360;283;164;97;498;520;275;504;138;548;16;213;485;355;133;171;232;492;484;472;515;352;517;378;541;446;481;480;85;320;381;332;348;341;490;226;336;100;277;140;317;445;400;527;123;333;510;242;349;413;397;52;260;177;487;7;364;528;206;366;49;475;130;289;331;180;367;136;425;529;408;401;468;200;135;477;549;61;438;519;324;167;368;533;524;462;214;203;308;229;521;287;183;536;389;240;542;330;267;45;165;234;447;269;40;403;535;163;390;419;98;276;92;103;422;531;412;523;344;327;427;131;46;127;385;319;511;205;329;179;184;60;363;168;94;432;353;93;172;310;311;286;128;204;471;488;3;537;502;84;463;274;215;284;473;8;288;62;19;483;254;421;257;169;402;266;271;470;393;201;137;534;376;325;316;5;59;216;88;398;354;428;479;532;285;474;99;125;347;426;442;90;399;14;396;441;350;181;434;44;417;101;365;558;362;499;243;424;380;239;95;66;182;394;227;217;514;13;361;313;530;505;430;174;41;245;496;309;96;491;444;18;550;478;50;328;58;486;516;126;4;281;57;497;299;508;170;546;11;176;291;420;410;231;43;506;379;382;102;304;63;482;48;509;461;406;440;351;507;73;383;358;9;437;272;435;297;270;268;450;359;12;228;104;391;503;246;259;409;345;139;253;76;68;306;404;20;47;323;70;247;53;15;295;464;23;340;21;144;86;547;280;10;545;476;302;439;72;132;233;431;91;175;407;69;512;244;489;448;465;265;405;300;290;522;65;129;356;436
38976,8,CAE,384,505;271;92;284;286;8;367;206;229;175;276;83;359;407;89;519;5;515;246;348;20;93;365;220;328;509;165;533;179;127;528;354;218;427;546;203;424;445;350;431;16;366;216;285;260;310;200;517;168;240;423;95;523;7;430;166;202;252;102;15;21;351;267;361;140;345;510;400;433;266;503;443;208;169;352;516;128;425;96;204;342;139;363;23;268;272;254;11;12;9;215;541;88;353;344;126;97;502;123;10;241;50;242;535;227;360;391;280;504;355;3;507;281;214;94;244;522;259;446;543;438;13;444;142;131;311;207;429;265;182;101;228;324;135;104;521;549;544;201;316;508;99;534;482;144;234;132;447;103;226;22;100;85;230;253;86;19;6;347;134;164;239;171;538;269;87;213;180;296;205;381;325;338;14;170;531;302;542;124;375;255;133;231;474;274;440;155;167;384;90;530;217;84;25;432;273;172;130;364;270;527;383;460;559;219;289;305;275;368;4;245;243;24;331;174;221;177;442;321;159;403;18;349;42;211;497;304;390;518;33;332;256;372;434;393;394;181;288;500;51;406;184;414;141;257;183;395;397;317;428;143;287;279;483;163;548;41;326;318;404;426;511;358;357;138;17;283;62;153;282;467;312;125;34;420;520;322;129;53;277;409;526;341;278;385;498;195;233;236;339;374;319;43;405;307;480;335;137;389;107;472;415;545;329;91;176;529;379;136;547;109;461;536;178;232;441;235;486;525;346;193;194;37;489;468;98;462;380;54;315;396;419;297;387;113;481;401;422;449;306;392;439;156;314;147;410;362;532;212;417;490;484;495;225;537;399;494;469;303;327;173;475;29;477;78;258;488;186;48;292;340;320;465;69;337;492;343;73;435;485;356;336;437;378
38976,8,GAEFS,384,260;247;208;367;102;104;445;234;22;447;549;289;182;359;221;368;287;345;253;510;183;366;498;258;446;288;84;273;24;92;103;168;200;228;344;536;244;523;426;350;87;7;181;232;163;518;517;15;522;353;487;491;98;419;270;479;23;172;391;484;140;175;184;504;86;254;130;535;259;412;414;349;5;89;266;169;177;216;239;21;144;334;91;8;6;425;275;372;400;501;218;531;343;193;143;40;478;381;252;365;126;438;475;165;135;303;428;422;280;473;312;427;136;360;493;483;351;463;231;492;257;101;420;333;340;94;9;362;276;314;386;421;284;272;59;206;20;480;560;219;413;46;547;342;286;418;153;176;464;85;109;469;52;387;433;18;174;12;508;51;432;311;43;50;14;355;271;443;326;424;477;403;389;96;542;16;93;167;41;173;241;17;49;460;202;57;179;541;384;131;465;363;520;178;170;180;83;439;210;215;374;505;331;285;528;154;203;269;338;515;97;267;534;423;283;482;516;430;302;56;346;315;217;496;166;529;395;544;521;125;546;393;226;383;440;229;308;558;532;347;341;281;220;10;485;137;13;105;134;332;397;442;382;325;396;431;133;444;95;214;88;434;502;405;545;507;201;240;328;128;245;404;255;142;256;139;408;429;29;373;472;222;310;548;209;509;3;390;293;282;123;138;324;279;369;415;42;318;227;146;330;25;26;113;468;538;525;124;406;164;316;543;317;268;230;54;90;320;486;500;306;462;503;295;61;497;145;100;339;53;11;335;171;304;141;394;436;488;185;470;70;392;411;476;236;313;305;336;490;407;233;410;223;559;533;99;246;19;69;409;385;519;58;348;213;379;4;322;243;461;489;530;512;33;242;471;526;44;265;398;45;47;60;417
38976,8,SSFS,384,366;367;234;102;287;523;104;103;368;288;510;15;184;272;289;280;4;200;205;213;218;266;7;269;549;447;260;239;244;135;445;446;87;226;231;95;345;271;536;84;182;12;265;359;351;20;438;3;100;9;203;216;348;86;183;83;431;350;208;221;347;268;6;425;228;344;227;515;520;364;517;13;92;99;233;229;285;502;507;10;423;516;125;273;429;522;8;504;5;284;267;363;128;201;214;275;93;19;353;181;202;215;123;126;354;168;21;428;241;166;246;270;179;509;530;163;274;175;240;139;503;165;528;533;242;426;134;518;11;252;257;131;207;220;127;90;444;535;124;442;23;140;141;529;430;282;328;88;424;346;85;427;101;169;89;22;352;324;171;286;349;172;365;206;219;94;14;259;432;129;276;505;204;217;531;434;316;230;133;254;355;541;546;174;132;256;24;180;548;253;130;443;17;167;395;543;245;91;97;361;372;433;255;407;164;542;232;105;243;544;281;16;314;393;403;96;360;521;310;25;508;173;170;302;389;283;154;342;136;404;325;519;338;18;397;382;193;318;317;311;396;441;534;500;439;303;408;390;144;472;329;381;304;405;138;326;468;383;330;400;394;391;315;321;496;176;312;153;545;417;319;306;137;385;440;486;398;178;401;406;409;421;320;386;482;461;357;460;356;399;305;113;307;469;98;362;462;384;331;109;488;322;277;410;194;373;26;143;474;374;235;258;33;358;375;387;392;29;247;436;34;155;369;30;308;327;339;278;418;335;420;411;497;236;415;532;53;332;41;437;435;414;336;489;490;50;465;142;146;470;340;473;506;313;559;279;493;343;145;419;422;341;526;377;293;547;463;498;464;333;494;501;412;334;376;210;223;177;209;222;185;491;54;492
39973,9,Variance,384,366;367;234;287;78;79;260;56;77;510;208;221;523;288;102;368;103;549;446;289;445;104;536;447;556;184;182;183;9;40;558;49;52;4;272;247;7;266;269;280;557;200;205;213;218;15;22;203;216;271;350;144;268;142;502;507;87;3;555;297;201;214;23;57;504;58;99;348;517;84;92;515;520;159;265;359;363;6;227;5;86;351;274;270;301;8;83;135;239;244;345;276;229;516;300;296;273;284;55;95;228;64;226;231;347;241;344;158;285;157;431;299;21;427;425;39;100;202;215;125;457;143;41;246;19;20;24;124;522;354;267;53;438;128;89;518;62;12;37;503;240;50;526;298;93;423;127;444;275;509;54;193;42;424;456;233;527;13;459;530;51;428;442;433;429;353;455;430;554;528;533;140;38;458;513;242;514;369;539;540;207;220;141;454;529;552;535;153;94;166;443;179;163;364;243;432;282;134;346;553;139;123;25;328;131;248;165;324;126;105;171;70;14;371;559;286;168;209;222;372;11;88;531;69;206;219;169;71;426;90;295;118;543;548;85;154;33;352;172;252;257;145;72;302;129;538;164;449;10;63;253;560;434;175;130;373;365;452;181;541;546;101;374;197;255;113;249;119;109;316;310;73;155;519;511;349;370;167;512;453;542;212;225;505;293;198;314;230;170;407;156;74;16;281;290;451;254;199;29;185;508;238;117;375;132;211;224;525;75;256;355;195;180;397;174;551;250;76;236;544;26;291;251;325;264;196;235;148;27;283;404;261;192;292;317;111;311;107;97;361;294;450;342;259;210;223;116;35;237;194;277;474;330;36;146;403;173;521;245;28;390;91;304;338;147;263;151;115;393;394;395;381;18;32;360;96;110;133;486;189;318;34;30;357
39973,9,STG,384,389;56;285;494;407;485;52;541;361;415;546;320;208;216;434;558;509;500;173;221;91;302;475;380;430;305;476;348;393;126;97;490;40;480;421;17;444;333;89;246;465;257;163;164;323;3;83;506;346;258;418;303;172;139;472;548;133;273;359;242;322;135;410;349;87;417;240;341;330;207;62;127;443;213;385;231;266;267;46;319;43;382;270;388;517;96;391;528;48;271;519;520;413;206;543;467;100;547;219;405;128;229;171;342;478;49;460;245;129;438;383;101;268;498;259;244;18;357;200;364;165;234;317;282;124;260;203;61;504;179;550;523;283;367;311;328;505;527;137;360;141;47;6;448;15;4;427;470;416;531;176;125;424;433;400;281;446;166;130;254;178;269;496;488;277;202;86;414;510;449;284;495;329;132;134;58;138;92;205;411;241;85;428;180;351;204;368;532;535;387;376;41;402;308;365;384;386;493;276;524;201;447;511;175;184;497;340;363;50;366;14;44;327;404;84;318;530;296;355;350;279;220;441;409;487;181;321;332;394;11;168;280;484;431;227;477;515;358;466;343;344;432;536;274;170;450;287;102;140;95;307;239;464;507;542;419;233;123;278;253;403;7;362;549;68;461;445;518;481;5;412;492;292;64;352;53;390;326;516;345;420;45;483;252;228;57;392;289;174;469;486;90;183;396;406;93;230;347;215;21;301;288;324;99;356;104;426;226;272;313;169;534;67;338;75;310;422;217;397;339;425;529;401;378;9;457;63;182;314;8;501;256;232;136;522;94;429;167;545;66;537;533;247;65;423;473;71;399;103;331;286;559;297;304;214;218;337;439;22;59;79;131;70;395;300;502;309;177;398;514;353;325;13;526;60;436;335;459;489;482;42;144;98;512
39973,9,CAE,384,528;535;368;271;366;215;15;431;83;181;135;102;239;438;203;165;139;507;20;87;84;101;522;518;8;214;430;527;227;128;140;427;353;241;531;314;351;168;129;104;95;89;5;509;274;234;219;272;124;429;317;425;282;123;85;99;132;92;144;268;515;523;231;444;517;257;544;548;345;546;347;134;180;24;13;530;275;364;86;242;265;7;53;16;533;289;365;432;424;324;520;486;133;355;505;166;526;543;395;184;130;382;229;254;276;318;127;350;434;4;136;21;269;206;367;348;510;359;200;502;504;363;230;428;511;390;9;100;542;549;302;22;396;273;175;521;385;90;19;202;98;410;10;94;233;11;245;516;240;267;426;93;529;23;207;445;442;12;205;125;103;325;443;316;285;97;270;201;287;433;143;169;349;315;286;167;266;335;503;131;259;496;142;380;307;394;393;386;6;404;423;141;183;170;226;536;14;17;288;153;260;304;163;303;403;171;246;391;383;228;244;305;283;346;541;284;211;310;253;204;280;500;446;320;361;560;525;255;389;182;159;342;279;508;174;164;208;381;358;216;252;545;474;3;519;220;218;173;497;221;172;362;155;400;415;326;154;407;277;62;377;328;352;321;550;235;441;213;372;232;311;333;463;179;193;482;107;332;256;384;360;478;547;25;312;412;30;416;42;397;477;344;18;34;485;126;138;341;340;498;354;109;462;408;29;297;338;379;401;212;50;419;405;418;490;137;33;472;470;399;113;387;313;406;476;375;479;420;306;51;178;281;491;537;243;41;414;91;532;440;176;330;96;488;323;447;357;494;217;471;319;336;186;469;291;495;339;417;481;439;468;160;26;465;534;278;356;450;376;493;464;296;378;499;194;54;210;322;422;331;538;116;475;435
39973,9,GAEFS,384,17;353;422;90;177;475;303;487;21;419;258;501;302;345;362;275;492;343;219;508;331;473;491;269;547;479;87;232;310;389;408;257;400;96;272;382;348;203;404;418;18;469;136;246;245;502;477;340;93;175;397;361;282;98;411;339;392;535;200;226;317;213;363;531;412;497;381;178;396;206;478;520;281;472;325;97;228;383;347;403;314;89;549;350;11;16;276;319;332;344;548;360;333;252;179;271;284;137;19;407;391;342;518;544;528;521;543;230;204;324;306;207;176;1;100;421;503;205;218;215;241;480;305;7;355;410;395;439;515;311;498;167;417;500;172;265;181;431;335;425;398;483;442;393;414;482;217;441;84;274;394;270;134;359;468;286;409;139;60;440;338;399;328;244;519;534;13;505;12;367;346;354;336;15;415;22;352;222;465;220;428;546;33;256;464;133;59;490;470;20;318;23;426;509;460;413;221;124;140;304;289;267;372;486;405;427;489;254;125;316;99;231;326;229;153;493;239;6;102;10;334;386;516;223;95;184;86;485;420;85;430;44;233;542;462;433;182;529;127;434;517;488;385;128;174;330;463;484;243;208;390;209;541;168;356;474;8;88;46;321;83;349;461;14;494;423;126;9;280;384;365;227;180;476;283;47;329;466;132;533;387;94;43;214;523;401;3;202;92;499;351;510;235;48;129;260;255;357;364;135;145;154;446;374;61;138;164;315;4;373;183;170;201;322;438;447;185;109;268;105;144;307;91;234;5;504;163;308;24;279;253;29;532;240;507;496;2;313;101;443;435;0;130;309;320;210;285;216;165;402;406;424;266;30;103;193;522;444;312;429;277;432;50;104;131;259;67;169;26;293;113;559;171;173;437;166;358;560;368;295;212;366;56;248
39973,9,SSFS,384,366;367;234;102;287;523;104;103;368;288;510;15;184;272;289;280;4;200;205;213;218;266;7;269;549;447;260;239;244;135;445;446;87;226;231;95;345;271;536;84;182;12;265;359;351;20;438;3;100;9;203;216;348;86;183;83;431;350;208;221;347;268;6;425;228;344;227;515;520;364;517;13;92;99;233;229;285;502;507;10;423;516;125;273;429;522;8;504;5;284;267;363;128;201;214;275;93;19;353;181;202;215;123;126;354;168;21;428;241;166;246;270;179;509;530;163;274;175;240;139;503;165;528;533;242;426;134;518;11;252;257;131;207;220;127;90;444;535;124;442;23;140;141;529;430;282;328;88;424;346;85;427;101;169;89;22;352;324;171;286;349;172;365;206;219;94;14;259;432;129;276;505;204;217;531;434;316;230;133;254;355;541;546;174;132;256;24;180;548;253;130;443;17;167;395;543;245;91;97;361;372;433;255;407;164;542;232;105;243;544;281;16;314;393;403;96;360;521;310;25;508;173;170;302;389;283;154;342;136;404;325;519;338;18;397;382;193;318;317;311;396;441;534;500;439;303;408;390;144;472;329;381;304;405;138;326;468;383;330;400;394;391;315;321;496;176;312;153;545;417;319;306;137;385;440;486;398;178;401;406;409;421;320;386;482;461;357;460;356;399;305;113;307;469;98;362;462;384;331;109;488;322;277;410;194;373;26;143;474;374;235;258;33;358;375;387;392;29;247;436;34;155;369;30;308;327;339;278;418;335;420;411;497;236;415;532;53;332;41;437;435;414;336;489;490;50;465;142;146;470;340;473;506;313;559;279;493;343;145;419;422;341;526;377;293;547;463;498;464;333;494;501;412;334;376;210;223;177;209;222;185;491;54;492
40970,10,Variance,384,366;367;234;287;78;79;260;56;77;510;208;221;523;288;102;368;103;549;446;289;445;104;536;447;556;184;182;183;9;40;558;49;52;4;272;247;7;266;269;280;557;200;205;213;218;15;22;203;216;271;350;144;268;142;502;507;87;3;555;297;201;214;23;57;504;58;99;348;517;84;92;515;520;159;265;359;363;6;227;5;86;351;274;270;301;8;83;135;239;244;345;276;229;516;300;296;273;284;55;95;228;64;226;231;347;241;344;158;285;157;431;299;21;427;425;39;100;202;215;125;457;143;41;246;19;20;24;124;522;354;267;53;438;128;89;518;62;12;37;503;240;50;526;298;93;423;127;444;275;509;54;193;42;424;456;233;527;13;459;530;51;428;442;433;429;353;455;430;554;528;533;140;38;458;513;242;514;369;539;540;207;220;141;454;529;552;535;153;94;166;443;179;163;364;243;432;282;134;346;553;139;123;25;328;131;248;165;324;126;105;171;70;14;371;559;286;168;209;222;372;11;88;531;69;206;219;169;71;426;90;295;118;543;548;85;154;33;352;172;252;257;145;72;302;129;538;164;449;10;63;253;560;434;175;130;373;365;452;181;541;546;101;374;197;255;113;249;119;109;316;310;73;155;519;511;349;370;167;512;453;542;212;225;505;293;198;314;230;170;407;156;74;16;281;290;451;254;199;29;185;508;238;117;375;132;211;224;525;75;256;355;195;180;397;174;551;250;76;236;544;26;291;251;325;264;196;235;148;27;283;404;261;192;292;317;111;311;107;97;361;294;450;342;259;210;223;116;35;237;194;277;474;330;36;146;403;173;521;245;28;390;91;304;338;147;263;151;115;393;394;395;381;18;32;360;96;110;133;486;189;318;34;30;357
40970,10,STG,384,331;506;420;179;346;546;257;175;208;304;322;166;221;335;341;98;521;351;287;542;312;349;478;439;136;266;485;128;16;84;355;327;378;43;530;482;47;200;358;517;434;233;340;204;515;492;443;413;411;465;330;489;303;260;85;510;163;140;123;267;403;89;384;350;56;547;518;271;463;407;523;318;466;405;464;343;505;365;313;548;498;467;255;488;103;234;17;88;383;368;401;462;205;87;18;446;503;363;549;253;436;182;339;367;226;404;520;432;288;176;414;486;359;400;471;386;344;245;252;170;40;495;11;362;291;470;447;202;319;531;21;93;49;100;366;469;274;445;427;323;83;279;395;52;553;240;90;96;308;8;177;164;534;409;484;97;99;171;332;536;461;480;137;247;242;507;408;418;183;402;393;472;317;232;132;494;273;218;59;490;550;19;522;444;299;265;376;58;4;442;289;305;419;460;94;169;543;277;91;203;135;473;86;302;422;441;388;201;353;356;342;361;278;540;516;487;254;270;394;229;412;139;314;438;423;504;220;258;269;310;215;184;396;207;276;429;129;337;63;398;216;67;348;241;217;545;127;541;126;131;57;309;285;213;474;12;68;60;280;174;73;15;227;390;502;410;364;102;104;421;5;532;417;535;449;282;425;230;357;61;476;125;435;301;315;428;246;448;74;416;214;524;292;307;431;144;283;138;479;45;306;178;92;272;514;528;244;391;228;275;491;509;172;286;347;397;533;7;399;231;496;381;290;320;243;493;382;558;23;529;321;483;336;406;334;477;345;468;329;41;328;44;475;392;519;206;95;433;481;53;527;69;511;22;173;13;64;130;48;333;6;141;559;325;457;354;124;281;455;297;50;10;248;14;256;70;65;387;497;101;9;544;284;295
40970,10,CAE,384,207;200;242;92;94;127;423;267;124;270;324;354;227;344;103;95;268;509;502;215;172;351;239;87;9;434;202;21;134;20;438;174;425;520;530;257;531;328;99;184;515;19;364;348;203;272;350;516;10;15;549;175;130;443;4;503;169;244;214;548;259;310;543;507;289;347;284;140;218;205;179;13;345;529;241;256;216;41;375;201;234;163;274;533;5;349;83;231;517;181;338;544;135;311;365;3;426;276;504;474;303;522;359;444;355;168;266;14;91;253;125;229;11;368;275;430;85;541;96;432;226;123;280;102;325;245;283;126;403;367;353;396;232;518;221;282;527;389;182;18;219;90;89;183;167;84;6;133;265;204;128;252;286;144;390;228;246;269;424;164;30;166;100;288;287;363;429;417;318;546;360;297;208;393;386;101;315;395;132;536;528;407;485;431;383;409;173;12;316;141;421;376;433;8;220;206;427;439;86;436;445;217;361;7;366;314;542;469;97;532;346;285;404;505;304;255;24;342;104;213;319;143;171;500;165;305;521;17;312;384;50;93;51;405;138;137;230;508;33;519;16;410;399;88;155;281;53;488;302;271;22;464;306;461;460;428;129;486;260;442;525;462;23;98;317;420;136;131;180;510;408;332;326;437;362;397;406;153;392;258;254;78;25;54;235;447;523;154;330;400;170;236;273;243;223;176;440;42;335;401;560;545;43;193;553;322;496;321;194;415;422;356;113;381;327;240;446;382;465;331;477;483;535;547;233;472;329;524;494;372;378;29;177;411;277;292;58;482;308;116;493;211;343;142;526;511;487;534;416;309;247;352;178;495;336;278;398;339;501;492;498;478;388;47;506;394;449;139;45;450;320;473;334;158;481;435;107;489;414;419;108;357;44;313
40970,10,GAEFS,384,492;477;501;85;343;368;98;493;487;523;447;412;289;422;419;272;431;547;227;234;177;484;479;334;475;216;208;175;84;303;460;482;12;255;445;102;288;8;498;221;491;104;414;258;247;266;521;549;360;403;259;9;389;304;22;83;99;267;20;464;508;413;347;463;411;333;339;483;536;181;178;332;173;310;367;282;359;544;182;529;351;340;226;137;125;180;184;504;257;517;408;433;215;16;230;130;24;233;316;163;387;478;135;344;430;287;172;103;415;270;140;274;446;325;466;546;96;468;253;474;386;214;86;269;520;362;462;365;425;342;418;232;315;281;429;366;95;124;443;472;394;254;314;242;132;229;176;400;97;260;510;100;396;427;480;126;14;10;228;239;87;305;101;469;399;383;548;286;241;345;105;133;275;318;335;17;428;204;183;381;535;203;533;473;522;136;268;500;530;384;497;432;410;421;213;245;355;465;391;312;273;164;217;231;15;11;219;373;23;21;423;352;426;201;489;424;372;171;442;518;515;285;252;541;154;202;29;534;405;200;505;284;461;353;26;470;409;317;209;327;94;439;496;193;476;486;91;417;441;206;307;338;170;348;438;265;59;185;7;90;434;256;179;240;271;336;33;490;127;141;313;393;134;93;306;320;406;302;3;276;138;330;392;311;89;349;331;420;543;244;374;364;146;283;13;165;509;395;385;166;49;194;341;485;144;248;319;5;167;560;56;42;397;153;243;41;328;542;88;321;169;404;246;346;43;174;516;559;350;363;220;128;531;558;61;354;53;223;308;46;222;47;92;324;4;44;329;60;139;19;218;235;440;398;361;129;18;503;369;207;357;532;30;210;50;277;113;401;494;143;45;407;48;145;390;326;280;322;526;382;109;52;545;168
40970,10,SSFS,384,366;367;234;102;287;523;104;103;368;288;510;15;184;272;289;280;4;200;205;213;218;266;7;269;549;447;260;239;244;135;445;87;446;226;231;95;345;271;84;536;12;182;359;265;351;100;20;438;3;9;203;216;348;86;83;183;431;350;208;221;347;268;6;425;228;344;227;515;520;364;517;13;92;99;233;229;285;502;507;10;516;423;125;273;429;522;504;8;5;284;267;363;128;201;214;275;93;353;19;181;354;202;215;126;123;168;428;21;166;241;246;270;179;509;163;530;274;175;240;139;165;503;528;533;242;426;134;518;252;257;131;11;207;220;127;90;444;535;124;442;23;141;140;529;430;282;328;88;424;346;85;101;427;169;89;352;22;324;171;286;349;172;365;206;219;94;259;14;129;432;276;505;204;217;531;434;316;230;133;254;355;541;546;174;132;256;24;180;548;253;130;443;17;167;395;543;91;245;97;361;372;433;255;407;164;542;232;105;243;544;281;16;314;393;403;96;360;521;310;508;25;173;170;302;389;283;154;342;136;404;325;519;338;18;397;382;193;318;317;311;396;441;534;500;439;303;408;390;144;472;329;381;304;405;138;326;468;383;330;400;394;391;315;321;496;176;312;545;153;417;319;306;137;385;440;398;486;178;401;406;409;421;320;386;482;461;357;460;356;399;305;113;307;469;98;362;462;384;331;109;488;322;277;410;194;373;26;143;474;374;235;258;358;33;375;387;392;29;436;247;34;155;369;30;308;327;339;278;418;335;420;411;497;415;236;532;53;332;41;437;435;414;336;489;490;465;50;142;146;470;340;473;506;313;559;279;343;493;145;419;422;341;526;377;547;463;293;498;464;333;494;501;412;334;376;177;210;223;209;222;491;185;54;492
41967,11,Variance,384,366;367;234;287;78;79;260;56;77;510;208;221;523;288;102;368;103;549;446;289;445;104;536;447;556;184;182;183;9;40;558;49;52;4;272;247;7;266;269;280;557;200;205;213;218;15;22;203;216;271;350;144;268;142;502;507;87;3;555;297;201;214;23;57;504;58;99;348;517;84;92;515;520;159;265;359;363;6;227;5;86;351;274;270;301;8;83;135;239;244;345;276;229;516;300;296;273;284;55;95;228;64;226;231;347;241;344;158;285;157;431;299;21;427;425;39;100;202;215;125;457;143;41;246;19;20;24;124;522;354;267;53;438;128;89;518;62;12;37;503;240;50;526;298;93;423;127;444;275;509;54;193;42;424;456;233;527;13;459;530;51;428;442;433;429;353;455;430;554;528;533;140;38;458;513;242;514;369;539;540;207;220;141;454;529;552;535;153;94;166;443;179;163;364;243;432;282;134;346;553;139;123;25;328;131;248;165;324;126;105;171;70;14;371;559;286;168;209;222;372;11;88;531;69;206;219;169;71;426;90;295;118;543;548;85;154;33;352;172;252;257;145;72;302;129;538;164;449;10;63;253;560;434;175;130;373;365;452;181;541;546;101;374;197;255;113;249;119;109;316;310;73;155;519;511;349;370;167;512;453;542;212;225;505;293;198;314;230;170;407;156;74;16;281;290;451;254;199;29;185;508;238;117;375;132;211;224;525;75;256;355;195;180;397;174;551;250;76;236;544;26;291;251;325;264;196;235;148;27;283;404;261;192;292;317;111;311;107;97;361;294;450;342;259;210;223;116;35;237;194;277;474;330;36;146;403;173;521;245;28;390;91;304;338;147;263;151;115;393;394;395;381;18;32;360;96;110;133;486;189;318;34;30;357
41967,11,STG,384,490;470;341;253;137;326;170;221;313;362;467;309;334;214;302;255;480;492;208;532;339;500;385;337;509;169;506;476;417;136;228;423;440;220;442;344;141;544;390;307;317;404;396;535;388;450;446;431;413;48;216;419;460;340;227;86;305;18;520;243;254;242;415;391;497;508;14;386;394;89;306;165;312;473;101;405;318;288;409;244;285;357;347;352;57;366;97;311;441;271;272;548;502;484;217;132;437;400;44;516;58;387;179;201;234;230;365;280;359;421;358;15;322;4;354;471;534;411;92;414;282;104;393;303;173;389;174;200;420;368;376;546;138;139;320;56;323;127;336;481;252;213;397;489;549;524;314;363;425;310;330;177;284;324;331;436;205;504;510;432;266;96;522;536;128;499;348;361;463;206;416;98;427;3;260;246;433;286;304;232;424;203;479;342;257;7;395;515;40;353;529;558;351;270;486;180;21;438;241;327;168;367;267;543;172;335;204;494;519;239;328;163;345;475;9;184;47;73;279;343;426;521;477;325;182;63;87;346;308;478;541;229;273;218;498;259;289;360;16;319;517;550;329;505;553;465;447;402;164;398;265;378;11;100;315;66;135;474;507;528;226;531;545;93;130;461;49;444;144;392;256;94;349;245;429;384;90;231;443;469;401;530;60;45;67;133;20;183;491;485;277;134;181;123;292;99;350;52;333;176;19;445;501;247;418;274;457;496;85;410;468;269;511;103;102;482;91;74;338;23;12;6;518;523;332;5;439;533;8;171;503;88;43;268;283;547;84;275;406;124;202;537;167;240;430;131;166;276;464;61;370;403;495;95;59;364;542;17;472;22;175;126;382;233;462;64;407;356;399;207;449;301;248;129;380;287;412;76;483;321;459;316;466;258
41967,11,CAE,384,363;140;350;239;128;12;131;507;367;6;359;287;241;141;92;5;438;286;4;328;205;515;203;270;288;275;22;273;202;267;431;354;168;3;504;172;101;19;229;535;132;509;516;528;220;503;8;244;347;233;134;86;93;163;144;181;9;393;104;165;214;423;523;242;231;21;351;246;129;218;227;206;304;324;173;348;526;533;139;345;390;94;518;505;85;546;344;352;97;541;355;276;84;169;62;531;207;83;284;368;124;240;201;103;257;208;426;100;442;522;252;428;135;427;24;366;529;99;253;282;429;228;204;447;424;530;283;272;433;87;13;268;127;90;7;167;215;358;517;234;184;126;171;280;384;444;170;510;14;23;271;519;183;496;10;432;425;441;143;543;310;360;113;259;314;125;95;317;130;166;430;281;226;330;289;364;353;266;407;349;256;320;216;446;16;221;472;542;316;175;395;20;361;534;331;302;245;383;142;521;520;230;527;274;285;88;365;386;326;406;549;15;11;155;136;269;525;325;417;548;50;217;319;482;445;200;404;356;315;255;375;544;560;89;133;410;182;211;440;212;391;232;260;545;486;389;487;397;29;312;303;219;164;53;465;476;332;318;414;193;400;475;213;500;357;102;254;418;436;342;409;311;180;508;434;552;376;307;559;243;480;399;403;321;137;381;177;42;435;394;33;506;489;277;547;265;392;396;372;421;306;305;477;502;460;222;18;96;405;469;385;511;17;485;247;378;411;236;54;258;296;153;341;37;323;279;415;210;41;362;309;346;474;209;443;536;197;470;179;308;483;123;449;91;420;462;278;73;108;532;497;223;412;488;178;492;196;374;461;484;61;379;377;439;340;495;322;59;174;69;481;26;452;292;43;225;159;467;58;138;387;327;380;51
41967,11,GAEFS,384,498;366;484;501;418;393;477;475;549;422;349;253;536;258;478;242;463;390;362;492;440;507;260;505;289;412;487;282;102;419;421;348;184;404;317;96;163;177;178;363;411;343;335;424;547;333;541;245;133;340;476;208;273;92;470;125;334;239;167;59;365;359;202;445;355;234;407;345;517;247;473;172;413;493;287;403;415;546;288;469;244;302;353;516;352;330;389;123;87;339;219;368;483;97;266;386;255;20;508;515;176;414;464;182;228;344;392;534;338;129;100;24;318;520;521;281;460;213;485;275;479;342;486;252;491;268;314;351;98;316;367;280;4;103;173;241;86;306;215;164;307;408;216;168;417;267;329;171;227;396;138;324;104;332;509;220;206;165;468;423;16;465;497;226;101;429;254;328;23;209;427;13;144;22;489;181;214;420;488;331;548;529;46;183;221;447;443;482;394;361;127;91;274;89;472;25;387;271;542;233;425;139;405;382;346;99;85;384;410;304;180;428;400;170;14;441;462;83;88;141;128;200;18;131;466;461;179;503;257;490;523;166;17;385;504;381;531;439;544;433;7;43;510;308;432;230;285;45;113;259;395;60;496;283;391;48;373;409;446;95;11;154;350;532;543;310;559;136;84;364;500;270;311;61;518;243;305;406;41;44;399;474;303;480;528;5;442;130;360;47;354;126;175;272;401;6;174;169;326;535;134;321;383;347;240;312;19;12;265;256;231;137;15;397;269;10;277;284;90;246;105;286;205;229;322;193;143;34;313;68;444;358;398;69;8;522;235;53;40;232;222;153;372;203;140;21;336;341;430;248;49;52;201;204;29;146;94;325;320;315;374;9;56;538;431;0;449;207;3;558;210;276;50;545;217;223;218;145;124;93;502;67;293;506
41967,11,SSFS,384,366;367;234;102;287;523;104;103;368;288;510;15;184;272;289;280;4;200;205;213;218;266;7;269;549;447;260;239;244;135;445;446;87;226;231;95;345;271;536;84;182;12;265;359;351;20;438;3;100;9;203;216;348;86;183;83;431;350;208;221;347;268;6;425;228;344;227;515;520;364;517;13;92;99;233;229;285;502;507;10;423;516;125;273;429;522;8;504;5;284;267;363;128;201;214;275;93;19;353;181;202;215;123;126;354;168;21;428;241;166;246;270;179;509;530;163;274;175;240;139;503;165;528;533;242;426;134;518;11;252;257;131;207;220;127;90;444;535;124;442;23;140;141;529;430;282;328;88;424;346;85;427;101;169;89;22;352;324;171;286;349;172;365;206;219;94;14;259;432;129;276;505;204;217;531;434;316;230;133;254;355;541;546;174;132;256;24;180;548;253;130;443;17;167;395;543;245;91;97;361;372;433;255;407;164;542;232;105;243;544;281;16;314;393;403;96;360;521;310;25;508;173;170;302;389;283;154;342;136;404;325;519;338;18;397;382;193;318;317;311;396;441;534;500;439;303;408;390;144;472;329;381;304;405;138;326;468;383;330;400;394;391;315;321;496;176;312;153;545;417;319;306;137;385;440;486;398;178;401;406;409;421;320;386;482;461;357;460;356;399;305;113;307;469;98;362;462;384;331;109;488;322;277;410;194;373;26;143;474;374;235;258;33;358;375;387;392;29;247;436;34;155;369;30;308;327;339;278;418;335;420;411;497;236;415;532;53;332;41;437;435;414;336;489;490;50;465;142;146;470;340;473;506;313;559;279;493;343;145;419;422;341;526;377;293;547;463;498;464;333;494;501;412;334;376;210;223;177;209;222;185;491;54;492
42964,12,Variance,384,366;367;234;287;78;79;260;56;77;510;208;221;523;288;102;368;103;549;446;289;445;104;536;447;556;184;182;183;9;40;558;49;52;4;272;247;7;266;269;280;557;200;205;213;218;15;22;203;216;271;350;144;268;142;502;507;87;3;555;297;201;214;23;57;504;58;99;348;517;84;92;515;520;159;265;359;363;6;227;5;86;351;274;270;301;8;83;135;239;244;345;276;229;516;300;296;273;284;55;95;228;64;226;231;347;241;344;158;285;157;431;299;21;427;425;39;100;202;215;125;457;143;41;246;19;20;24;124;522;354;267;53;438;128;89;518;62;12;37;503;240;50;526;298;93;423;127;444;275;509;54;193;42;424;456;233;527;13;459;530;51;428;442;433;429;353;455;430;554;528;533;140;38;458;513;242;514;369;539;540;207;220;141;454;529;552;535;153;94;166;443;179;163;364;243;432;282;134;346;553;139;123;25;328;131;248;165;324;126;105;171;70;14;371;559;286;168;209;222;372;11;88;531;69;206;219;169;71;426;90;295;118;543;548;85;154;33;352;172;252;257;145;72;302;129;538;164;449;10;63;253;560;434;175;130;373;365;452;181;541;546;101;374;197;255;113;249;119;109;316;310;73;155;519;511;349;370;167;512;453;542;212;225;505;293;198;314;230;170;407;156;74;16;281;290;451;254;199;29;185;508;238;117;375;132;211;224;525;75;256;355;195;180;397;174;551;250;76;236;544;26;291;251;325;264;196;235;148;27;283;404;261;192;292;317;111;311;107;97;361;294;450;342;259;210;223;116;35;237;194;277;474;330;36;146;403;173;521;245;28;390;91;304;338;147;263;151;115;393;394;395;381;18;32;360;96;110;133;486;189;318;34;30;357
42964,12,STG,384,335;245;253;436;495;319;383;348;465;437;221;407;394;220;406;444;177;502;203;532;431;208;497;336;219;5;402;471;272;101;492;127;347;47;340;392;440;179;546;393;18;129;344;333;544;361;476;384;292;242;508;314;408;85;289;173;547;430;481;141;244;302;366;58;332;411;530;386;378;271;96;470;398;93;359;516;424;232;279;363;515;414;438;494;341;405;14;548;474;174;62;524;528;285;418;472;216;281;499;517;247;288;40;416;536;240;423;368;520;201;260;20;140;88;98;133;354;277;400;500;311;228;87;123;473;137;365;434;280;183;349;389;205;533;49;523;180;170;489;218;331;425;305;441;519;326;518;429;346;486;63;549;534;234;254;364;356;246;510;403;169;226;181;412;89;165;426;273;435;477;206;448;252;507;230;130;258;443;184;467;320;475;396;419;353;376;357;498;227;3;482;44;100;446;352;391;48;6;265;321;450;11;17;421;343;266;490;128;447;59;529;56;287;270;284;52;202;351;84;64;66;215;504;409;463;445;92;231;213;86;485;397;307;217;306;175;255;367;95;355;535;103;163;290;422;488;164;257;4;503;125;61;457;168;57;428;43;97;345;15;558;83;275;90;550;543;313;269;8;540;7;124;322;99;318;241;390;286;464;399;239;432;182;200;74;91;65;468;461;324;404;214;478;401;460;21;178;46;505;135;229;395;542;420;132;167;291;19;329;334;493;276;388;172;259;377;243;144;104;491;433;13;350;387;417;9;466;75;267;480;479;256;339;126;310;327;73;94;41;415;171;509;303;53;380;553;12;462;360;60;330;70;72;541;278;102;559;316;514;295;410;22;10;312;24;385;496;176;342;131;282;134;501;166;427;16;67;483;309;439;337;268;328;487
42964,12,CAE,384,269;84;427;267;239;167;244;85;19;92;351;266;180;123;164;213;438;368;171;328;203;316;5;125;533;175;273;510;11;352;527;444;163;366;127;95;363;517;89;184;3;240;542;443;314;549;353;215;272;347;9;285;280;423;231;233;287;350;229;216;289;424;518;135;101;284;265;442;8;346;286;407;349;523;488;228;133;426;281;220;425;166;271;429;168;520;99;139;12;509;431;17;503;417;208;254;15;14;531;288;324;375;230;365;344;543;141;367;257;522;219;232;317;354;508;97;42;515;90;124;202;174;96;41;234;181;441;132;87;502;227;6;395;13;140;325;526;165;88;20;255;544;172;243;342;396;200;433;532;226;91;394;100;330;182;10;22;54;276;21;505;259;275;18;104;321;546;206;274;311;355;474;447;128;93;201;217;393;360;528;535;428;131;541;169;205;516;507;246;404;242;305;173;207;364;4;482;439;179;498;253;400;144;221;126;345;16;260;381;282;7;304;348;102;154;218;445;50;296;24;98;446;214;94;277;129;283;430;83;204;183;521;170;391;536;331;504;303;359;403;434;302;409;411;322;362;252;86;278;177;432;62;241;530;412;270;310;256;25;318;361;415;496;134;548;379;401;460;472;525;313;397;399;338;449;405;491;421;142;500;386;155;398;358;356;105;329;410;137;372;297;320;468;193;477;463;326;23;143;464;461;382;339;210;486;235;506;384;308;291;69;245;465;107;268;416;519;334;306;422;408;378;33;60;469;336;534;389;357;258;435;547;501;103;340;176;494;312;223;476;440;462;48;419;529;195;478;376;197;466;480;74;436;307;560;437;53;136;390;30;387;413;47;159;414;343;117;420;34;545;402;337;315;489;452;473;332;495;59;26;484;377;292;323
42964,12,GAEFS,384,475;501;487;523;258;498;351;470;478;422;492;333;340;418;446;343;484;413;493;477;520;59;334;447;491;247;366;419;99;257;479;483;339;244;503;421;541;20;463;414;182;22;184;181;546;411;445;344;335;183;412;547;93;208;360;268;103;218;3;221;60;43;46;270;5;245;177;542;420;23;281;310;353;228;260;352;180;98;144;515;127;234;536;96;530;87;392;12;432;124;407;239;331;24;534;137;476;332;485;44;178;288;50;544;240;232;172;49;303;464;101;431;227;482;460;390;472;405;521;47;410;289;170;45;465;330;10;473;362;516;359;429;271;382;462;386;25;207;205;365;363;529;175;342;219;381;153;283;102;266;347;434;109;548;486;490;325;346;533;61;361;400;167;274;273;480;4;18;48;393;229;307;269;203;336;389;285;164;140;387;404;496;94;40;396;558;163;425;439;440;209;215;469;403;522;508;173;368;90;176;328;324;417;474;275;86;97;415;468;505;441;384;549;231;391;394;397;423;206;267;8;409;385;428;287;193;179;497;367;56;355;126;338;92;319;424;502;83;29;216;17;510;401;259;53;11;302;559;214;113;255;461;276;326;19;0;123;171;213;104;223;241;141;500;254;230;306;329;320;354;202;138;15;63;560;531;315;395;265;33;135;489;136;318;305;321;51;128;532;100;518;16;494;282;52;317;399;84;509;372;543;322;133;304;438;42;246;41;398;345;427;433;30;222;145;383;210;95;91;408;54;85;443;68;129;504;14;488;284;130;21;169;125;286;256;134;248;154;220;235;426;26;373;374;105;314;312;143;185;507;67;139;280;316;364;242;89;279;350;430;253;517;166;293;545;243;233;62;6;34;308;311;204;466;236;174;512;131;535;132;295;57;538;7
42964,12,SSFS,384,366;367;234;102;287;523;104;103;368;288;510;15;184;272;289;280;4;200;205;213;218;266;7;269;549;447;260;239;244;135;445;446;87;226;231;95;345;271;536;84;182;12;265;359;351;20;438;3;100;9;203;216;348;86;183;83;431;350;208;221;347;268;6;425;228;344;227;515;520;364;517;13;92;99;233;229;285;502;507;10;423;516;125;273;429;522;8;504;5;284;267;363;128;201;214;275;93;19;353;181;202;215;123;126;354;168;21;428;241;166;246;270;179;509;530;163;274;175;240;139;503;165;528;533;242;426;134;518;11;252;257;131;207;220;127;90;444;535;124;442;23;140;141;529;430;282;328;88;424;346;85;427;101;169;89;22;352;324;171;286;349;172;365;206;219;94;14;259;432;129;276;505;204;217;531;434;316;230;133;254;355;541;546;174;132;256;24;180;548;253;130;443;17;167;395;543;245;91;97;361;372;433;255;407;164;542;232;105;243;544;281;16;314;393;403;96;360;521;310;25;508;173;170;302;389;283;154;342;136;404;325;519;338;18;397;382;193;318;317;311;396;441;534;500;439;303;408;390;144;472;329;381;304;405;138;326;468;383;330;400;394;391;315;321;496;176;312;153;545;417;319;306;137;385;440;486;398;178;401;406;409;421;320;386;482;461;357;460;356;399;305;113;307;469;98;362;462;384;331;109;488;322;277;410;194;373;26;143;474;374;235;258;33;358;375;387;392;29;247;436;34;155;369;30;308;327;339;278;418;335;420;411;497;236;415;532;53;332;41;437;435;414;336;489;490;50;465;142;146;470;340;473;506;313;559;279;493;343;145;419;422;341;526;377;293;547;463;498;464;333;494;501;412;334;376;210;223;177;209;222;185;491;54;492
43961,13,Variance,384,366;367;234;287;78;79;260;56;77;510;208;221;523;288;102;368;103;549;446;289;445;104;536;447;556;184;182;183;9;40;558;49;52;4;272;247;7;266;269;280;557;200;205;213;218;15;22;203;216;271;350;144;268;142;502;507;87;3;555;297;201;214;23;57;504;58;99;348;517;84;92;515;520;159;265;359;363;6;227;5;86;351;274;270;301;8;83;135;239;244;345;276;229;516;300;296;273;284;55;95;228;64;226;231;347;241;344;158;285;157;431;299;21;427;425;39;100;202;215;125;457;143;41;246;19;20;24;124;522;354;267;53;438;128;89;518;62;12;37;503;240;50;526;298;93;423;127;444;275;509;54;193;42;424;456;233;527;13;459;530;51;428;442;433;429;353;455;430;554;528;533;140;38;458;513;242;514;369;539;540;207;220;141;454;529;552;535;153;94;166;443;179;163;364;243;432;282;134;346;553;139;123;25;328;131;248;165;324;126;105;171;70;14;371;559;286;168;209;222;372;11;88;531;69;206;219;169;71;426;90;295;118;543;548;85;154;33;352;172;252;257;145;72;302;129;538;164;449;10;63;253;560;434;175;130;373;365;452;181;541;546;101;374;197;255;113;249;119;109;316;310;73;155;519;511;349;370;167;512;453;542;212;225;505;293;198;314;230;170;407;156;74;16;281;290;451;254;199;29;185;508;238;117;375;132;211;224;525;75;256;355;195;180;397;174;551;250;76;236;544;26;291;251;325;264;196;235;148;27;283;404;261;192;292;317;111;311;107;97;361;294;450;342;259;210;223;116;35;237;194;277;474;330;36;146;403;173;521;245;28;390;91;304;338;147;263;151;115;393;394;395;381;18;32;360;96;110;133;486;189;318;34;30;357
43961,13,STG,384,221;56;390;208;508;545;392;480;60;416;260;334;47;449;415;172;323;443;97;325;499;487;486;245;466;481;435;524;270;95;128;529;482;307;173;426;84;166;385;179;366;287;178;15;517;417;347;259;528;488;85;470;410;493;6;356;99;473;141;170;276;478;393;383;469;138;502;59;558;352;376;331;288;43;411;431;546;510;476;438;312;93;440;338;483;175;506;474;204;425;177;381;548;206;282;396;445;258;123;501;234;536;518;335;446;315;463;278;181;171;240;433;277;436;280;394;485;168;332;215;423;380;281;48;412;509;317;367;386;257;167;272;531;444;547;336;126;403;183;378;62;40;439;255;247;61;498;326;58;523;8;340;543;477;363;124;16;406;18;271;308;57;429;213;422;368;229;511;136;266;345;253;102;7;76;328;228;468;549;447;437;243;233;203;17;399;428;87;533;174;361;421;404;202;302;132;246;230;284;405;424;532;427;341;324;534;290;395;86;472;515;489;269;180;418;103;226;306;20;351;176;219;104;316;184;491;330;289;49;522;241;231;4;420;479;227;182;450;442;135;52;322;516;465;252;530;342;462;441;46;216;265;274;348;320;413;414;96;205;11;44;3;267;50;503;397;464;65;133;163;41;507;214;461;504;344;314;360;355;98;19;201;521;303;169;130;542;495;304;365;357;239;14;232;377;207;68;242;337;134;53;285;389;459;279;460;350;66;408;94;244;256;218;296;283;305;505;311;319;164;419;448;484;364;520;73;354;217;297;407;544;346;382;90;391;45;475;100;492;537;83;329;349;92;339;273;101;9;23;497;140;387;309;127;430;200;144;359;220;5;67;71;91;494;55;353;318;321;75;165;22;400;434;64;535;89;490;398;125;12;500;310;139;79
43961,13,CAE,384,218;427;166;103;229;541;95;172;289;285;19;549;404;270;269;141;348;324;129;165;430;265;3;226;438;522;14;135;126;266;432;92;520;241;22;267;242;363;349;446;397;274;352;284;504;219;20;286;548;275;179;124;507;227;193;9;519;273;444;228;505;350;368;170;99;134;244;163;243;127;311;442;213;239;175;531;89;164;351;7;280;521;407;101;276;344;140;90;364;234;288;184;253;15;503;317;529;206;434;91;169;240;405;200;345;383;97;231;4;500;347;100;131;10;359;523;328;16;423;354;544;171;389;42;417;202;214;173;12;102;24;509;518;395;429;516;325;543;342;428;5;204;447;282;168;180;355;130;530;220;320;104;183;396;252;443;217;96;83;85;207;139;433;360;287;525;18;144;23;257;201;535;533;281;431;256;230;51;132;310;87;346;372;367;366;283;245;527;88;86;331;302;128;316;424;246;232;517;268;353;305;6;215;307;511;167;142;375;403;408;216;233;203;381;277;394;208;321;356;357;542;361;420;181;546;34;425;315;536;8;393;137;11;255;508;221;303;515;271;205;210;50;182;322;54;559;212;445;534;133;93;528;21;143;330;260;502;125;53;211;547;314;494;17;33;178;94;272;318;41;296;532;461;401;421;391;439;13;412;338;486;488;426;496;387;235;545;510;526;386;384;259;174;463;376;409;329;382;319;358;107;365;334;538;306;422;506;399;136;108;339;335;98;155;292;470;400;29;278;398;414;113;482;84;123;440;254;474;118;468;450;109;326;462;222;441;138;332;436;449;177;472;341;62;224;323;469;415;154;495;475;52;410;390;309;493;480;78;153;297;413;362;416;380;116;471;176;236;308;465;466;225;490;392;467;560;26;304;261;196;61;388;487;194
43961,13,GAEFS,384,487;492;493;182;478;102;463;536;419;412;523;103;548;287;178;422;343;247;541;288;447;228;350;475;260;271;96;366;16;516;333;302;184;303;282;334;491;368;479;310;139;547;501;227;339;104;179;381;446;200;386;266;289;389;332;245;183;508;18;367;206;473;259;220;167;507;269;92;23;428;242;340;498;219;472;503;180;433;365;19;484;3;234;258;414;480;4;97;22;359;306;281;424;87;360;213;14;13;231;24;445;85;84;218;308;177;17;396;427;91;354;331;221;265;283;95;421;440;275;521;465;382;383;229;7;86;133;208;11;123;476;5;233;312;346;517;469;407;500;425;170;127;534;134;391;543;482;342;515;246;520;89;497;460;477;173;280;169;88;486;9;423;351;413;384;347;232;470;392;257;330;546;387;549;528;171;305;496;328;316;137;176;439;205;385;352;90;335;193;130;100;530;124;411;240;483;349;322;462;320;94;362;405;418;181;311;10;355;175;165;255;272;345;502;403;163;394;441;434;129;363;415;168;468;267;304;393;141;131;390;430;207;214;417;341;268;29;489;239;327;270;59;164;314;518;410;361;226;398;210;442;83;344;510;438;317;93;56;315;203;41;435;20;509;202;464;542;505;154;252;364;101;136;324;50;533;49;217;400;321;404;25;222;166;409;395;338;373;490;558;325;243;444;326;461;420;132;144;52;545;429;474;140;307;12;254;21;230;399;488;172;274;209;40;43;98;559;99;135;185;401;522;125;46;443;223;15;273;253;45;6;284;466;201;126;153;174;544;504;506;285;353;42;128;286;34;113;538;408;256;215;33;432;531;53;204;336;374;143;293;57;535;216;372;244;145;241;485;329;560;69;105;142;313;348;276;512;406;519;295;494;357;60;61
43961,13,SSFS,384,366;367;234;102;287;523;104;103;368;288;510;15;184;272;289;280;4;200;205;213;218;266;7;269;549;447;260;239;244;135;445;446;87;226;231;95;345;271;536;84;182;12;265;359;351;20;438;3;100;9;203;216;348;86;183;83;431;350;208;221;347;268;6;425;228;344;227;515;520;364;517;13;92;99;233;229;285;502;507;10;423;516;125;273;429;522;8;504;5;284;267;363;128;201;214;275;93;19;353;181;202;215;123;126;354;168;21;428;241;166;246;270;179;509;530;163;274;175;240;139;503;165;528;533;242;426;134;518;11;252;257;131;207;220;127;90;444;535;124;442;23;140;141;529;430;282;328;88;424;346;85;427;101;169;89;22;352;324;171;286;349;172;365;206;219;94;14;259;432;129;276;505;204;217;531;434;316;230;133;254;355;541;546;174;132;256;24;180;548;253;130;443;17;167;395;543;245;91;97;361;372;433;255;407;164;542;232;105;243;544;281;16;314;393;403;96;360;521;310;25;508;173;170;302;389;283;154;342;136;404;325;519;338;18;397;382;193;318;317;311;396;441;534;500;439;303;408;390;144;472;329;381;304;405;138;326;468;383;330;400;394;391;315;321;496;176;312;153;545;417;319;306;137;385;440;486;398;178;401;406;409;421;320;386;482;461;357;460;356;399;305;113;307;469;98;362;462;384;331;109;488;322;277;410;194;373;26;143;474;374;235;258;33;358;375;387;392;29;247;436;34;155;369;30;308;327;339;278;418;335;420;411;497;236;415;532;53;332;41;437;435;414;336;489;490;50;465;142;146;470;340;473;506;313;559;279;493;343;145;419;422;341;526;377;293;547;463;498;464;333;494;501;412;334;376;210;223;177;209;222;185;491;54;492
44958,14,Variance,384,366;367;234;287;78;79;260;56;77;510;208;221;523;288;102;368;103;549;446;289;445;104;536;447;556;184;182;183;9;40;558;49;52;4;272;247;7;266;269;280;557;200;205;213;218;15;22;203;216;271;350;144;268;142;502;507;87;3;555;297;201;214;23;57;504;58;99;348;517;84;92;515;520;159;265;359;363;6;227;5;86;351;274;270;301;8;83;135;239;244;345;276;229;516;300;296;273;284;55;95;228;64;226;231;347;241;344;158;285;157;431;299;21;427;425;39;100;202;215;125;457;143;41;246;19;20;24;124;522;354;267;53;438;128;89;518;62;12;37;503;240;50;526;298;93;423;127;444;275;509;54;193;42;424;456;233;527;13;459;530;51;428;442;433;429;353;455;430;554;528;533;140;38;458;513;242;514;369;539;540;207;220;141;454;529;552;535;153;94;166;443;179;163;364;243;432;282;134;346;553;139;123;25;328;131;248;165;324;126;105;171;70;14;371;559;286;168;209;222;372;11;88;531;69;206;219;169;71;426;90;295;118;543;548;85;154;33;352;172;252;257;145;72;302;129;538;164;449;10;63;253;560;434;175;130;373;365;452;181;541;546;101;374;197;255;113;249;119;109;316;310;73;155;519;511;349;370;167;512;453;542;212;225;505;293;198;314;230;170;407;156;74;16;281;290;451;254;199;29;185;508;238;117;375;132;211;224;525;75;256;355;195;180;397;174;551;250;76;236;544;26;291;251;325;264;196;235;148;27;283;404;261;192;292;317;111;311;107;97;361;294;450;342;259;210;223;116;35;237;194;277;474;330;36;146;403;173;521;245;28;390;91;304;338;147;263;151;115;393;394;395;381;18;32;360;96;110;133;486;189;318;34;30;357
44958,14,STG,384,221;395;520;87;208;381;446;260;18;366;320;469;536;496;478;234;287;92;508;98;498;86;367;497;91;481;384;431;304;315;430;400;402;376;442;348;342;90;341;467;421;289;254;464;382;528;206;543;307;396;364;165;135;232;523;334;313;439;414;318;541;338;303;329;252;422;393;269;437;45;308;466;280;448;59;544;19;288;100;60;488;256;392;167;546;279;545;484;410;171;399;331;507;472;6;101;549;231;44;417;388;447;433;170;532;461;247;46;56;214;47;423;542;5;137;140;368;445;322;330;389;522;277;332;415;502;228;511;85;172;184;292;443;97;477;241;347;88;200;499;227;102;83;182;125;515;425;483;205;183;529;416;390;405;244;136;480;272;436;359;215;265;495;490;352;344;435;424;181;378;310;201;306;412;406;285;103;94;506;356;350;270;138;449;124;242;420;353;351;340;141;17;479;266;408;354;476;173;510;397;278;240;282;534;486;537;49;401;418;245;489;475;166;12;531;428;333;4;220;52;169;203;99;385;57;403;487;398;177;20;84;243;273;509;517;336;63;311;219;346;48;519;281;317;314;93;387;391;202;518;126;355;468;434;533;95;474;409;257;432;268;324;8;213;284;258;548;429;326;163;253;255;361;15;104;438;319;504;323;363;9;179;362;492;426;325;503;127;547;133;365;460;70;360;239;491;3;67;516;316;259;386;328;473;21;276;176;312;471;482;380;501;302;440;441;485;404;65;305;207;427;463;14;327;23;89;16;500;291;96;13;505;180;216;349;283;130;274;218;444;494;230;128;286;383;168;144;493;131;178;229;233;134;521;345;76;527;275;174;339;53;358;139;271;7;558;68;11;413;22;550;10;295;371;40;357;58;337;375;290;71;226;132;309
44958,14,CAE,384,353;350;444;8;134;205;140;9;240;132;216;163;266;502;239;280;227;274;528;15;265;521;504;20;529;201;228;348;366;87;272;426;172;231;11;268;99;181;84;344;207;203;329;285;50;520;124;95;354;244;284;12;363;175;431;21;126;351;260;355;130;533;254;361;364;517;92;434;4;443;233;215;19;346;287;390;269;425;523;368;125;10;131;311;546;169;128;259;519;433;246;202;417;273;289;438;518;5;253;97;255;7;213;423;462;428;324;83;360;229;536;442;168;288;545;548;226;302;275;349;503;516;449;91;549;179;86;526;206;90;166;220;242;326;6;415;389;241;167;270;277;100;33;96;16;257;54;89;282;515;510;135;508;174;315;507;243;183;535;352;170;182;427;359;165;219;141;522;252;14;432;505;85;139;214;23;101;509;281;62;445;418;365;450;310;482;164;3;22;314;347;317;13;399;430;429;328;345;446;173;327;276;379;342;159;51;144;204;42;256;405;236;318;357;489;531;286;107;102;447;24;230;384;93;103;560;367;171;325;420;193;184;307;94;322;544;234;393;53;98;245;304;381;407;490;129;271;178;403;137;461;397;41;424;25;496;395;321;232;138;534;176;221;180;376;208;123;218;530;511;340;506;469;30;474;486;441;406;386;267;400;542;279;356;153;210;104;391;88;143;303;212;108;133;330;382;464;105;341;396;320;333;468;358;223;26;200;334;332;337;527;475;323;308;331;142;538;383;413;338;185;547;411;436;336;404;339;416;439;306;372;479;500;414;247;319;136;385;541;34;155;59;362;470;29;47;78;440;18;494;525;309;501;532;375;448;437;472;127;283;409;194;460;392;316;398;498;465;225;422;484;478;401;543;466;211;118;493;46;217;387;70;435;17
44958,14,GAEFS,384,314;475;393;96;477;360;281;463;483;177;389;260;178;478;183;289;487;381;501;413;339;473;21;407;328;269;484;17;98;136;479;396;394;92;240;102;303;422;208;359;258;288;510;489;315;234;419;403;91;491;490;462;182;498;137;282;97;469;439;492;425;523;424;317;340;412;382;124;312;245;219;472;343;176;130;468;521;536;493;88;480;283;346;418;349;266;534;547;325;8;175;310;366;549;482;367;447;362;173;232;127;427;141;515;5;446;461;529;104;259;500;302;364;7;465;387;361;405;333;342;546;233;164;332;411;170;470;25;172;94;103;213;404;265;460;440;433;476;184;6;410;443;318;270;386;335;331;522;24;496;351;126;228;311;384;464;286;414;544;273;201;324;330;174;336;541;133;415;365;140;390;334;144;517;316;420;180;392;205;398;280;16;397;200;383;326;385;257;497;165;322;533;543;417;254;253;85;247;22;99;408;221;486;93;355;3;409;231;244;305;368;84;154;101;241;218;508;18;445;428;227;59;287;391;23;434;252;267;53;431;395;285;206;90;347;401;441;135;352;128;505;138;207;348;276;509;202;531;20;246;485;507;307;304;488;426;354;466;345;338;421;15;179;530;275;429;19;204;474;353;519;430;11;44;163;123;14;60;400;329;542;46;95;558;255;313;40;319;45;42;239;268;423;284;143;230;321;139;167;193;520;216;438;350;125;341;54;153;134;129;12;548;271;372;308;109;344;399;166;506;503;100;52;432;223;243;105;50;145;559;272;209;49;236;210;9;532;242;168;373;83;56;41;535;185;30;504;10;47;51;545;226;220;43;222;293;113;528;274;374;471;229;61;131;502;189;48;406;181;442;560;363;86;217;34;306;33;538;146;142;4;29;518;214
44958,14,SSFS,384,366;367;234;102;287;523;104;103;368;288;510;15;184;272;289;280;4;200;205;213;218;266;7;269;549;447;260;239;244;135;445;446;87;226;231;95;345;271;536;84;182;12;265;359;351;100;20;438;3;9;203;216;348;86;83;183;431;350;208;221;347;268;6;425;228;344;227;515;520;364;517;13;92;99;233;229;285;502;507;10;516;423;125;273;429;522;8;504;5;284;267;363;128;201;214;275;93;19;353;181;202;215;354;123;126;168;21;428;241;166;246;270;179;509;530;163;274;175;240;139;503;165;528;533;242;426;134;518;11;252;257;131;207;220;127;90;444;535;124;442;23;141;140;529;430;282;328;88;424;346;85;427;101;169;89;352;22;324;171;286;349;172;365;206;219;94;259;14;129;432;276;505;204;217;531;434;316;230;133;254;355;541;546;174;132;256;24;180;548;253;130;443;17;167;395;543;245;91;97;361;372;433;255;407;164;542;232;105;243;544;281;16;314;393;403;96;360;521;310;25;508;173;170;302;389;283;154;342;136;404;325;519;338;18;397;382;193;318;317;311;396;441;534;500;439;303;408;390;144;472;329;381;304;405;138;326;468;383;330;400;394;391;315;321;496;176;312;545;153;417;319;306;137;385;440;398;486;178;401;406;409;421;320;386;482;461;357;460;356;399;305;113;307;469;98;362;462;384;331;109;488;322;277;410;194;373;26;143;474;374;235;258;33;358;375;387;392;29;247;436;34;155;369;30;308;327;339;278;418;335;420;411;497;415;236;532;53;332;41;437;435;414;336;489;490;465;50;142;146;470;340;473;506;313;559;279;493;343;145;419;422;341;526;377;293;547;463;498;464;333;494;501;412;334;376;177;210;223;209;222;185;491;54;492
45955,15,Variance,384,366;367;234;287;78;79;260;56;77;510;208;221;523;288;102;368;103;549;446;289;445;104;536;447;556;184;182;183;9;40;558;49;52;4;272;247;7;266;269;280;557;200;205;213;218;15;22;203;216;271;350;144;268;142;502;507;87;3;555;297;201;214;23;57;504;58;99;348;517;84;92;515;520;159;265;359;363;6;227;5;86;351;274;270;301;8;83;135;239;244;345;276;229;516;300;296;273;284;55;95;228;64;226;231;347;241;344;158;285;157;431;299;21;427;425;39;100;202;215;125;457;143;41;246;19;20;24;124;522;354;267;53;438;128;89;518;62;12;37;503;240;50;526;298;93;423;127;444;275;509;54;193;42;424;456;233;527;13;459;530;51;428;442;433;429;353;455;430;554;528;533;140;38;458;513;242;514;369;539;540;207;220;141;454;529;552;535;153;94;166;443;179;163;364;243;432;282;134;346;553;139;123;25;328;131;248;165;324;126;105;171;70;14;371;559;286;168;209;222;372;11;88;531;69;206;219;169;71;426;90;295;118;543;548;85;154;33;352;172;252;257;145;72;302;129;538;164;449;10;63;253;560;434;175;130;373;365;452;181;541;546;101;374;197;255;113;249;119;109;316;310;73;155;519;511;349;370;167;512;453;542;212;225;505;293;198;314;230;170;407;156;74;16;281;290;451;254;199;29;185;508;238;117;375;132;211;224;525;75;256;355;195;180;397;174;551;250;76;236;544;26;291;251;325;264;196;235;148;27;283;404;261;192;292;317;111;311;107;97;361;294;450;342;259;210;223;116;35;237;194;277;474;330;36;146;403;173;521;245;28;390;91;304;338;147;263;151;115;393;394;395;381;18;32;360;96;110;133;486;189;318;34;30;357
45955,15,STG,384,208;259;435;229;351;167;221;403;406;550;387;471;170;384;232;345;342;138;530;314;518;230;260;240;178;431;503;500;368;470;423;355;217;484;205;383;537;285;545;524;174;460;402;515;44;413;136;164;169;533;388;508;134;541;324;172;86;171;410;213;284;493;241;45;466;542;535;465;98;399;99;90;83;287;333;478;498;449;127;414;363;495;440;43;501;255;367;93;329;332;330;52;85;405;307;348;382;309;408;486;491;536;506;467;517;516;315;239;464;277;496;280;362;180;401;286;220;447;49;100;511;273;488;442;183;258;271;326;182;288;421;274;308;3;475;166;364;473;283;397;412;327;61;394;422;358;313;59;341;446;532;436;546;95;218;433;228;15;179;202;244;215;393;434;504;547;510;520;392;428;482;302;88;507;168;477;318;319;336;395;415;472;84;214;292;522;502;181;334;494;12;165;141;445;350;485;304;523;509;4;310;425;268;227;40;128;361;492;56;430;321;391;417;443;201;531;267;289;534;429;140;349;549;306;184;135;14;133;234;124;437;252;352;20;265;275;91;247;312;479;103;360;483;102;344;5;291;404;487;325;130;46;339;529;57;469;272;269;75;206;101;13;390;354;396;177;340;356;163;346;305;328;558;63;58;424;320;497;463;418;505;60;67;528;92;290;317;68;87;104;266;139;311;23;365;521;207;243;11;6;7;426;219;125;62;323;331;366;343;245;89;231;461;226;72;357;474;441;439;9;8;489;278;17;129;407;256;176;385;322;544;97;48;233;71;18;175;216;21;338;144;200;419;398;242;370;543;96;19;416;548;203;337;270;276;70;10;254;481;132;279;66;514;420;376;353;41;246;519;335;248;297;379;540;450;137;499;409;16;295;131;257;22;69
45955,15,CAE,384,99;502;284;504;365;517;215;203;205;348;9;243;544;442;239;535;355;140;516;228;84;359;246;443;3;267;282;522;202;128;169;100;83;134;364;352;229;193;218;287;266;280;430;273;179;227;272;220;536;132;173;226;95;123;256;200;311;528;303;503;268;447;86;235;285;135;254;125;93;350;270;274;541;260;530;88;219;242;182;345;240;6;446;244;4;7;347;255;529;542;381;172;344;549;432;526;531;142;216;252;213;438;546;104;87;423;533;271;131;19;276;233;10;519;328;429;316;351;354;164;91;41;231;302;289;427;265;425;367;97;543;404;253;523;527;143;509;207;361;139;102;180;5;181;449;8;548;168;428;259;21;129;126;16;407;124;346;304;201;403;324;515;482;51;445;426;175;174;275;521;170;103;107;269;92;329;14;20;12;214;206;130;386;234;518;433;171;310;133;257;15;24;342;101;353;288;500;321;520;396;22;405;245;398;208;62;277;11;163;510;166;488;183;89;349;534;13;372;283;393;217;204;525;434;545;424;444;415;90;167;184;194;137;374;286;127;363;472;53;305;330;241;390;30;212;360;431;165;141;485;113;177;408;439;281;317;391;232;450;315;297;357;410;221;278;389;368;397;505;418;417;136;18;322;258;493;511;366;155;331;477;85;387;42;383;23;469;437;314;484;486;395;436;98;325;496;338;144;420;337;497;560;319;94;17;492;308;532;470;382;356;394;320;414;380;318;460;326;195;159;25;384;462;392;375;332;336;416;508;225;377;507;296;547;475;105;292;358;480;406;223;385;43;178;339;230;340;61;153;33;399;441;69;343;307;118;29;464;463;506;376;483;333;495;138;210;335;379;341;362;26;54;334;401;412;490;279;498;45;476;37;34;109;50
45955,15,GAEFS,384,103;104;446;368;477;234;314;289;549;493;247;491;273;478;8;418;182;23;366;255;510;167;469;343;447;260;487;221;367;259;315;334;239;536;355;168;229;12;445;433;484;523;422;183;19;218;427;438;179;86;543;414;208;434;10;429;177;349;288;280;492;214;184;56;227;473;101;252;24;22;258;125;501;97;417;140;516;345;389;84;244;50;430;241;470;91;332;348;88;498;413;217;324;92;385;102;180;339;391;174;542;415;372;228;3;226;475;419;347;346;503;340;170;386;96;442;344;364;14;393;547;480;310;181;333;479;136;144;284;412;541;165;390;406;465;245;13;362;246;7;213;267;335;215;18;350;381;410;517;546;200;202;508;100;425;515;411;468;41;464;360;287;544;268;233;124;396;420;137;276;329;172;132;531;127;353;171;483;232;351;405;312;326;256;173;361;139;164;206;17;528;392;89;321;43;530;46;126;463;130;166;154;21;382;105;520;231;533;365;404;193;59;123;16;275;338;426;548;521;49;20;281;153;133;387;559;440;466;352;529;443;400;58;302;504;131;142;265;313;83;485;270;219;304;274;476;522;169;95;51;40;394;317;283;359;535;207;5;257;507;399;488;175;141;33;308;496;532;286;282;403;176;178;545;460;254;201;306;502;342;266;128;52;330;525;311;423;432;285;307;373;113;356;519;93;253;303;408;500;474;428;363;497;203;29;518;374;439;143;490;163;45;325;220;6;449;44;53;271;269;395;145;489;48;407;377;322;87;134;424;461;11;25;60;441;42;61;223;472;209;295;341;397;85;305;135;240;384;138;318;26;560;538;486;505;526;293;54;328;383;331;185;369;73;30;230;558;222;109;235;431;98;47;509;421;216;69;462;210;189;309;248;277;354
45955,15,SSFS,384,366;367;234;102;287;523;104;103;368;288;510;15;184;272;289;280;4;200;205;213;218;266;7;269;549;447;260;239;244;135;445;446;87;226;231;95;345;271;536;84;182;12;265;359;351;100;20;438;3;9;203;216;348;86;83;183;431;350;208;221;347;268;6;425;228;344;227;515;520;364;517;13;92;99;233;229;285;502;507;10;516;423;125;273;429;522;504;8;5;284;267;363;128;201;214;275;93;353;19;181;202;215;354;126;123;168;428;21;241;166;246;270;179;509;163;530;274;175;240;139;503;165;528;533;242;426;134;518;11;252;257;131;207;220;127;90;444;535;124;442;23;141;140;529;430;282;328;88;424;346;85;427;101;169;89;22;352;324;171;286;349;172;365;206;219;94;259;14;432;129;276;505;204;217;531;316;434;230;133;254;355;541;546;174;132;256;24;180;548;253;130;443;17;167;395;543;245;91;97;361;372;433;255;407;164;542;232;105;243;544;281;16;314;393;403;96;360;521;310;508;25;173;170;302;389;283;154;342;136;404;325;519;338;18;397;382;193;318;317;311;396;441;534;500;439;303;408;390;144;472;329;381;304;405;138;326;468;383;330;400;394;391;315;321;496;176;312;153;545;417;319;306;137;385;440;486;398;178;401;406;409;421;320;386;482;461;357;460;356;399;305;113;307;469;98;362;462;384;331;109;488;322;277;410;194;373;26;143;474;374;235;258;33;358;375;387;392;29;436;247;34;155;369;30;308;327;339;278;418;335;420;411;497;415;236;532;53;332;41;437;435;414;336;489;490;50;465;142;146;470;340;473;506;313;559;279;493;343;145;419;422;341;526;377;293;547;463;498;464;333;494;501;412;334;376;177;210;223;209;222;185;491;54;492
46952,16,Variance,384,366;367;234;287;78;79;260;56;77;510;208;221;523;288;102;368;103;549;446;289;445;104;536;447;556;184;182;183;9;40;558;49;52;4;272;247;7;266;269;280;557;200;205;213;218;15;22;203;216;271;350;144;268;142;502;507;87;3;555;297;201;214;23;57;504;58;99;348;517;84;92;515;520;159;265;359;363;6;227;5;86;351;274;270;301;8;83;135;239;244;345;276;229;516;300;296;273;284;55;95;228;64;226;231;347;241;344;158;285;157;431;299;21;427;425;39;100;202;215;125;457;143;41;246;19;20;24;124;522;354;267;53;438;128;89;518;62;12;37;503;240;50;526;298;93;423;127;444;275;509;54;193;42;424;456;233;527;13;459;530;51;428;442;433;429;353;455;430;554;528;533;140;38;458;513;242;514;369;539;540;207;220;141;454;529;552;535;153;94;166;443;179;163;364;243;432;282;134;346;553;139;123;25;328;131;248;165;324;126;105;171;70;14;371;559;286;168;209;222;372;11;88;531;69;206;219;169;71;426;90;295;118;543;548;85;154;33;352;172;252;257;145;72;302;129;538;164;449;10;63;253;560;434;175;130;373;365;452;181;541;546;101;374;197;255;113;249;119;109;316;310;73;155;519;511;349;370;167;512;453;542;212;225;505;293;198;314;230;170;407;156;74;16;281;290;451;254;199;29;185;508;238;117;375;132;211;224;525;75;256;355;195;180;397;174;551;250;76;236;544;26;291;251;325;264;196;235;148;27;283;404;261;192;292;317;111;311;107;97;361;294;450;342;259;210;223;116;35;237;194;277;474;330;36;146;403;173;521;245;28;390;91;304;338;147;263;151;115;393;394;395;381;18;32;360;96;110;133;486;189;318;34;30;357
46952,16,STG,384,548;361;460;496;313;101;332;437;395;320;259;256;208;19;515;43;272;255;436;260;348;463;139;358;411;205;483;46;541;166;350;506;126;509;221;283;215;45;323;318;287;47;478;384;392;129;484;252;229;269;391;490;537;343;367;84;404;388;410;214;468;472;491;422;466;461;217;172;389;448;322;435;444;476;508;284;480;5;134;433;416;285;486;181;462;127;9;346;201;382;125;177;443;304;355;307;234;500;340;487;279;475;409;397;380;91;245;270;516;528;351;305;390;92;331;88;15;446;365;231;167;534;507;87;399;366;383;349;421;20;442;520;330;128;510;308;89;246;8;90;40;333;100;376;353;550;546;414;99;173;317;345;428;504;401;359;241;430;434;103;405;17;182;138;417;274;545;3;352;498;133;243;447;175;266;489;481;306;347;83;203;281;170;226;327;169;228;450;207;95;494;328;431;253;407;429;309;396;439;124;511;445;438;412;540;131;354;227;505;398;440;493;216;312;547;63;94;425;11;178;85;289;291;501;518;93;184;232;288;302;521;174;299;265;492;427;423;470;267;495;244;415;257;200;344;62;280;21;183;316;319;292;536;12;523;213;339;242;202;206;104;357;171;286;44;165;387;220;14;522;337;164;386;364;58;311;531;334;277;179;549;479;137;360;393;524;290;449;356;218;544;363;329;57;135;326;67;49;441;278;519;275;406;98;303;233;7;61;59;163;86;16;66;503;102;335;314;254;273;517;420;362;321;68;230;527;379;56;533;499;465;258;219;529;488;336;558;97;341;65;424;403;6;123;180;132;74;477;368;52;23;413;535;75;247;13;73;471;268;60;315;338;239;144;385;240;136;418;342;432;532;71;176;464;140;482;402;502;514;96;204;394;22;553
46952,16,CAE,384,6;529;283;84;240;324;220;427;272;438;231;123;228;344;239;363;314;431;167;367;203;271;12;181;523;94;92;432;530;347;100;202;215;126;241;135;276;141;175;542;533;536;520;349;259;351;234;244;269;128;267;133;424;282;350;275;86;317;166;124;266;137;83;217;20;253;393;221;517;169;139;515;200;183;549;521;205;138;268;509;243;503;548;130;7;354;353;359;245;543;508;541;366;171;360;502;389;93;140;265;394;91;96;285;518;164;89;444;289;201;104;10;170;182;379;216;274;257;505;425;256;8;233;21;159;15;227;144;254;134;4;125;226;504;426;338;286;174;242;361;222;407;368;423;85;544;310;528;395;87;316;260;281;255;246;131;345;311;163;54;236;516;288;507;433;24;99;382;510;230;280;273;348;287;284;383;372;218;405;497;165;355;252;320;329;22;225;168;180;519;401;127;443;531;445;142;213;430;474;297;546;442;535;326;511;331;318;522;232;486;129;381;500;346;302;206;184;155;41;3;482;11;23;421;235;132;53;352;179;312;506;208;13;534;447;219;102;364;408;178;496;375;441;172;270;403;204;19;362;173;95;358;325;207;62;214;279;9;460;396;526;37;357;101;113;480;434;462;479;410;17;321;16;332;437;527;446;5;385;29;143;415;417;304;473;342;485;337;436;404;400;30;545;74;475;406;339;378;387;560;315;365;229;303;322;97;547;90;195;411;313;291;478;470;420;428;494;409;397;450;429;328;323;292;330;307;224;327;489;211;501;390;465;487;306;476;98;343;258;277;454;309;88;308;483;193;439;412;484;356;525;392;495;335;194;559;334;388;26;488;553;14;70;386;449;223;177;78;532;50;471;296;319;440;477;336;210;103;469;435;399;34;18;42
46952,16,GAEFS,384,258;487;478;232;96;98;475;390;413;97;343;16;166;477;498;521;362;219;340;491;421;177;339;389;412;493;178;335;183;334;523;265;17;418;522;501;332;14;505;367;408;168;349;536;469;476;503;282;305;333;394;520;275;447;479;492;314;361;252;400;473;345;260;484;393;184;392;341;543;247;43;547;464;414;266;510;227;465;306;83;320;411;170;386;137;417;281;403;207;429;441;486;303;483;508;472;422;95;439;328;311;463;179;330;234;342;468;460;127;438;404;338;381;302;253;255;415;4;310;317;366;489;324;419;325;530;18;368;283;245;19;533;485;420;544;269;153;443;59;383;395;410;318;461;136;270;289;399;99;21;360;534;431;382;462;351;391;3;396;213;423;84;445;307;490;548;515;100;504;182;546;480;201;312;365;432;130;385;329;230;87;287;274;355;9;15;401;528;256;215;372;164;23;440;56;175;181;424;518;135;273;90;202;46;474;397;242;47;124;53;559;488;52;29;257;350;482;285;316;409;331;444;109;123;315;91;94;103;214;193;176;12;180;259;41;541;497;398;208;48;44;470;134;167;304;425;353;174;209;434;426;407;233;11;220;141;387;206;140;45;24;500;446;204;50;430;126;20;502;133;49;40;308;558;374;171;25;154;347;145;254;321;22;344;532;139;286;132;222;210;60;128;517;352;13;101;346;336;284;6;105;217;113;138;51;276;442;0;102;507;373;89;10;326;203;104;322;144;221;165;405;223;309;288;226;163;205;241;228;173;428;131;560;33;150;42;169;267;531;433;384;549;466;348;129;92;146;271;512;57;545;240;268;88;496;272;61;471;54;66;525;235;7;363;280;5;85;68;243;1;319;58;67;542;239;313;509;527;93;359;427;277;8;125
46952,16,SSFS,384,366;367;234;102;287;523;104;103;368;288;510;15;184;272;289;280;4;200;205;213;218;266;7;269;549;447;260;239;244;135;445;446;87;226;231;95;345;271;536;84;182;12;265;359;351;100;20;438;3;9;203;216;348;86;83;183;431;350;208;221;347;268;6;425;228;344;227;515;520;364;517;13;92;99;233;229;285;502;507;10;516;423;125;273;429;522;504;8;5;284;267;363;128;201;214;275;93;353;19;181;202;215;354;126;123;168;428;21;241;166;246;270;179;509;163;530;274;175;240;139;503;165;528;533;242;426;134;518;11;252;257;131;207;220;127;90;444;535;124;442;23;141;140;529;430;282;328;88;424;346;85;427;101;169;89;22;352;324;171;286;349;172;365;206;219;94;259;14;432;129;276;505;204;217;531;316;434;230;133;254;355;541;546;174;132;256;24;180;548;253;130;443;17;167;395;543;245;91;97;361;372;433;255;407;164;542;232;105;243;544;281;16;314;393;403;96;360;521;310;508;25;173;170;302;389;283;154;342;136;404;325;519;338;18;397;382;193;318;317;311;396;441;534;500;439;303;408;390;144;472;329;381;304;405;138;326;468;383;330;400;394;391;315;321;496;176;312;153;545;417;319;306;137;385;440;486;398;178;401;406;409;421;320;386;482;461;357;460;356;399;305;113;307;469;98;362;462;384;331;109;488;322;277;410;194;373;26;143;474;374;235;258;33;358;375;387;392;29;436;247;34;155;369;30;308;327;339;278;418;335;420;411;497;415;236;532;53;332;41;437;435;414;336;489;490;50;465;142;146;470;340;473;506;313;559;279;493;343;145;419;422;341;526;377;293;547;463;498;464;333;494;501;412;334;376;177;210;223;209;222;185;491;54;492
47949,17,Variance,384,366;367;234;287;78;79;260;56;77;510;208;221;523;288;102;368;103;549;446;289;445;104;536;447;556;184;182;183;9;40;558;49;52;4;272;247;7;266;269;280;557;200;205;213;218;15;22;203;216;271;350;144;268;142;502;507;87;3;555;297;201;214;23;57;504;58;99;348;517;84;92;515;520;159;265;359;363;6;227;5;86;351;274;270;301;8;83;135;239;244;345;276;229;516;300;296;273;284;55;95;228;64;226;231;347;241;344;158;285;157;431;299;21;427;425;39;100;202;215;125;457;143;41;246;19;20;24;124;522;354;267;53;438;128;89;518;62;12;37;503;240;50;526;298;93;423;127;444;275;509;54;193;42;424;456;233;527;13;459;530;51;428;442;433;429;353;455;430;554;528;533;140;38;458;513;242;514;369;539;540;207;220;141;454;529;552;535;153;94;166;443;179;163;364;243;432;282;134;346;553;139;123;25;328;131;248;165;324;126;105;171;70;14;371;559;286;168;209;222;372;11;88;531;69;206;219;169;71;426;90;295;118;543;548;85;154;33;352;172;252;257;145;72;302;129;538;164;449;10;63;253;560;434;175;130;373;365;452;181;541;546;101;374;197;255;113;249;119;109;316;310;73;155;519;511;349;370;167;512;453;542;212;225;505;293;198;314;230;170;407;156;74;16;281;290;451;254;199;29;185;508;238;117;375;132;211;224;525;75;256;355;195;180;397;174;551;250;76;236;544;26;291;251;325;264;196;235;148;27;283;404;261;192;292;317;111;311;107;97;361;294;450;342;259;210;223;116;35;237;194;277;474;330;36;146;403;173;521;245;28;390;91;304;338;147;263;151;115;393;394;395;381;18;32;360;96;110;133;486;189;318;34;30;357
47949,17,STG,384,336;462;258;440;406;409;56;221;93;394;60;323;207;420;499;208;309;509;40;516;395;415;548;231;100;99;226;326;58;327;259;133;382;356;256;464;260;18;399;246;468;537;329;533;413;482;233;177;354;448;441;277;179;443;324;479;547;215;352;434;325;446;495;368;350;417;405;127;125;558;529;466;48;219;403;428;497;171;339;220;278;353;253;346;505;391;465;83;421;313;174;408;43;384;97;450;239;165;87;436;137;502;228;437;163;397;480;101;522;381;279;200;321;6;388;460;52;243;49;467;312;439;283;435;135;255;544;170;484;360;365;401;245;528;274;267;359;44;486;57;485;383;506;328;287;62;393;333;46;322;330;515;531;180;343;414;530;41;351;50;347;501;338;520;445;16;344;334;355;473;386;5;429;366;416;504;240;478;469;284;510;290;216;475;201;400;315;319;266;470;438;103;182;98;257;358;289;288;364;178;543;139;95;167;519;218;270;213;536;134;549;461;345;532;303;85;418;271;357;463;503;518;272;184;53;205;432;94;241;268;11;317;302;172;340;500;398;4;234;282;361;14;308;517;244;331;367;494;318;447;88;86;396;90;273;242;66;541;269;342;523;477;311;410;511;307;230;412;124;276;173;19;84;232;275;389;166;305;59;534;183;348;335;546;47;424;542;291;8;407;265;310;128;545;96;431;521;76;474;9;422;175;316;404;481;362;65;332;181;15;140;20;514;281;254;411;102;3;427;202;17;168;508;285;79;91;402;131;430;349;498;286;21;380;442;487;444;22;61;68;363;559;280;214;132;378;476;126;314;385;423;247;491;203;176;488;387;89;74;553;296;492;75;229;301;23;419;12;507;45;169;129;67;217;144;104;123;483;472;449;10;54;130;248
47949,17,CAE,384,92;347;203;214;502;523;359;253;227;12;127;135;529;503;83;428;9;231;11;344;124;219;426;268;87;363;434;216;269;273;220;84;274;271;444;20;5;171;4;528;208;285;427;507;128;139;168;100;423;19;88;241;165;351;207;180;255;54;23;350;104;404;270;504;280;282;442;89;286;266;213;533;239;549;205;123;6;142;3;509;90;338;510;284;355;14;517;134;275;424;324;140;314;522;384;430;272;316;170;267;229;201;230;167;381;215;96;443;543;233;515;143;438;277;530;342;226;367;429;175;164;129;202;288;536;218;172;346;99;386;365;265;328;531;366;179;144;126;86;257;210;281;221;431;516;206;163;345;94;22;287;260;125;352;311;326;252;243;245;445;174;541;407;433;469;244;354;304;472;182;102;16;183;283;490;391;525;228;276;181;101;254;130;133;364;15;368;389;548;29;546;447;225;390;520;256;353;518;310;95;91;169;217;410;109;204;232;542;383;166;321;13;474;10;486;8;278;184;154;246;320;348;24;50;403;132;33;544;394;97;42;7;131;535;200;331;349;85;93;432;302;441;21;385;62;393;526;382;339;560;18;356;291;27;240;505;330;138;361;319;41;396;242;400;155;173;397;398;439;307;259;137;500;358;305;212;409;405;296;534;195;141;289;497;325;519;234;446;376;488;527;193;421;506;297;425;375;521;236;508;437;258;103;440;292;461;372;317;435;480;395;113;73;194;401;545;436;360;417;323;494;69;315;159;473;30;496;37;418;422;511;340;322;537;17;136;470;329;468;332;105;178;482;414;118;471;177;337;466;481;53;35;412;419;357;158;487;343;211;392;408;176;362;341;547;559;312;553;411;44;463;377;379;303;40;399;558;476;191;477;222;457;327;247
47949,17,GAEFS,384,491;367;492;287;183;234;289;475;221;245;403;258;352;103;178;422;523;164;487;247;182;549;421;97;360;447;102;355;206;368;219;288;334;345;484;382;418;314;396;478;254;366;440;477;95;282;281;419;260;220;22;340;346;536;413;177;362;395;253;412;393;446;498;515;460;411;541;267;363;101;24;213;333;543;88;184;534;133;486;445;5;137;381;389;508;303;233;385;470;244;387;127;166;349;510;544;19;342;547;130;96;232;469;521;18;179;311;533;20;386;404;438;176;208;85;104;246;163;4;312;428;472;493;476;138;335;365;439;473;465;215;180;204;339;216;280;240;535;479;126;98;228;482;227;546;480;351;496;174;359;144;497;9;205;325;89;302;463;143;86;100;214;175;415;330;468;424;56;489;364;423;129;193;315;87;173;319;348;394;241;17;409;326;384;201;252;316;283;310;548;522;542;257;92;266;21;16;239;90;361;444;317;226;218;441;170;503;94;141;91;347;23;273;284;14;516;271;417;372;338;136;286;109;8;488;433;407;420;430;374;341;500;501;558;207;210;99;343;255;425;167;321;84;507;410;532;308;52;517;399;259;538;405;169;276;391;43;518;231;331;398;222;200;559;328;306;135;397;390;400;332;123;426;172;209;50;392;462;125;202;520;49;6;474;304;427;505;83;53;275;60;165;140;124;406;10;353;7;128;134;307;13;41;464;329;40;502;414;531;47;443;434;383;25;461;408;42;12;142;59;153;145;452;356;44;48;57;223;483;154;11;471;105;528;270;344;243;132;490;203;431;320;229;113;485;269;530;322;336;285;350;54;545;29;70;46;504;181;131;432;313;466;318;279;373;15;33;3;309;26;293;305;45;429;30;560;67;354;324;401;265;248;256;58
47949,17,SSFS,384,366;367;234;102;287;523;104;103;368;288;510;15;184;272;289;280;4;200;205;213;218;266;7;269;549;447;260;239;244;135;445;87;446;226;231;95;345;271;84;536;12;182;359;265;351;100;20;438;3;9;203;216;348;86;83;183;431;350;208;221;347;268;6;425;228;344;227;515;520;364;517;13;92;99;233;229;285;502;507;10;516;423;125;273;429;522;504;8;5;284;267;363;128;201;214;275;93;353;19;181;354;202;215;126;123;168;428;21;166;241;246;270;179;509;163;530;274;175;240;139;165;503;528;533;242;426;134;518;252;257;131;11;207;220;127;90;444;535;124;442;23;141;140;529;430;282;328;88;424;346;85;101;427;169;89;352;22;324;171;286;349;172;365;206;219;94;259;14;129;432;276;505;204;217;531;434;316;230;133;254;355;541;546;174;132;256;24;180;548;253;130;443;17;167;395;543;91;245;97;361;372;433;255;407;164;542;232;105;243;544;281;16;314;393;403;96;360;521;310;508;25;173;170;302;389;283;154;342;136;404;325;519;338;18;397;382;193;318;317;311;396;441;534;500;439;303;408;390;144;472;329;381;304;405;138;326;468;383;330;400;394;391;315;321;496;176;312;545;153;417;319;306;137;385;440;398;486;178;401;406;409;421;320;386;482;461;357;460;356;399;305;113;307;469;98;362;462;384;331;109;488;322;277;410;194;373;26;143;474;374;235;258;358;33;375;387;392;29;436;247;34;155;369;30;308;327;339;278;418;335;420;411;497;415;236;532;53;332;41;437;435;414;336;489;490;465;50;142;146;470;340;473;506;313;559;279;343;493;145;419;422;341;526;377;547;463;293;498;464;333;494;501;412;334;376;177;210;223;209;222;491;185;54;492
48946,18,Variance,384,366;367;234;287;78;79;260;56;77;510;208;221;523;288;102;368;103;549;446;289;445;104;536;447;556;184;182;183;9;40;558;49;52;4;272;247;7;266;269;280;557;200;205;213;218;15;22;203;216;271;350;144;268;142;502;507;87;3;555;297;201;214;23;57;504;58;99;348;517;84;92;515;520;159;265;359;363;6;227;5;86;351;274;270;301;8;83;135;239;244;345;276;229;516;300;296;273;284;55;95;228;64;226;231;347;241;344;158;285;157;431;299;21;427;425;39;100;202;215;125;457;143;41;246;19;20;24;124;522;354;267;53;438;128;89;518;62;12;37;503;240;50;526;298;93;423;127;444;275;509;54;193;42;424;456;233;527;13;459;530;51;428;442;433;429;353;455;430;554;528;533;140;38;458;513;242;514;369;539;540;207;220;141;454;529;552;535;153;94;166;443;179;163;364;243;432;282;134;346;553;139;123;25;328;131;248;165;324;126;105;171;70;14;371;559;286;168;209;222;372;11;88;531;69;206;219;169;71;426;90;295;118;543;548;85;154;33;352;172;252;257;145;72;302;129;538;164;449;10;63;253;560;434;175;130;373;365;452;181;541;546;101;374;197;255;113;249;119;109;316;310;73;155;519;511;349;370;167;512;453;542;212;225;505;293;198;314;230;170;407;156;74;16;281;290;451;254;199;29;185;508;238;117;375;132;211;224;525;75;256;355;195;180;397;174;551;250;76;236;544;26;291;251;325;264;196;235;148;27;283;404;261;192;292;317;111;311;107;97;361;294;450;342;259;210;223;116;35;237;194;277;474;330;36;146;403;173;521;245;28;390;91;304;338;147;263;151;115;393;394;395;381;18;32;360;96;110;133;486;189;318;34;30;357
48946,18,STG,384,484;234;221;208;260;227;407;178;422;495;340;534;85;253;362;246;48;347;344;403;461;418;259;219;361;287;303;516;218;87;506;168;349;449;336;279;542;549;489;228;394;284;165;355;348;86;532;311;319;281;252;487;46;240;519;18;448;213;206;217;101;133;536;8;137;439;179;404;467;323;523;332;480;368;359;90;322;183;510;481;327;182;309;282;61;184;472;446;271;47;421;177;288;280;95;289;267;19;256;436;285;427;499;330;283;493;464;473;474;518;130;477;357;424;266;417;99;274;231;45;462;233;502;358;337;265;501;338;334;63;445;483;17;220;522;397;433;505;320;346;102;345;367;471;425;409;60;535;517;466;544;511;175;507;93;400;531;226;245;312;15;469;442;14;363;435;171;468;440;305;393;257;430;558;200;460;339;7;59;545;447;40;530;3;254;317;304;388;360;401;432;415;351;411;515;490;98;181;203;180;391;343;366;414;56;385;241;463;482;381;488;84;127;497;97;216;302;11;533;548;521;205;321;342;514;272;125;278;16;389;163;104;232;475;318;520;290;528;316;164;89;470;96;9;214;268;135;478;172;136;286;485;479;550;307;412;402;352;277;537;201;124;123;100;405;52;438;83;167;166;207;315;103;12;354;258;353;126;504;247;350;496;508;308;91;441;92;390;291;398;4;21;384;413;176;244;75;541;383;416;498;273;13;450;243;49;23;364;43;72;204;333;141;328;455;202;380;22;428;65;275;426;437;331;459;20;356;144;313;325;399;341;553;57;387;392;431;230;229;491;529;62;423;503;174;71;443;140;5;66;58;396;134;129;365;6;429;395;76;500;242;248;10;310;215;494;67;546;88;44;53;408;406;543;170;169;74;378;326;457;444;132;295;559
48946,18,CAE,384,21;83;89;425;431;218;347;8;328;6;3;214;543;502;24;523;507;427;213;93;205;504;252;86;94;226;229;227;141;134;254;102;367;344;285;311;284;233;541;359;438;12;535;84;353;92;165;14;324;351;128;517;23;216;241;200;383;228;126;366;203;131;397;171;11;163;95;257;172;19;16;243;509;520;508;143;201;430;182;516;345;444;446;239;282;530;129;342;445;256;283;364;287;443;85;428;429;104;206;510;352;100;127;349;302;276;549;259;166;395;404;180;433;505;266;123;175;348;546;101;542;423;288;529;7;255;321;22;355;272;124;270;434;125;274;10;531;533;99;207;234;232;265;245;87;396;260;286;215;181;137;275;389;407;90;354;399;503;9;231;310;361;169;536;330;482;167;365;400;386;179;164;18;202;350;133;139;363;518;132;195;20;280;240;360;382;130;144;281;515;273;368;244;268;519;289;394;4;258;381;246;432;500;544;376;170;522;449;269;118;15;405;303;317;5;96;183;316;496;521;528;155;545;417;356;341;390;135;391;88;184;426;168;208;410;29;173;142;140;379;297;548;41;91;221;98;560;304;409;230;97;393;103;441;421;332;219;13;346;17;440;278;69;424;174;59;267;486;105;326;159;153;470;176;242;384;534;340;420;178;490;525;511;526;450;271;223;447;314;327;357;292;320;338;439;26;194;42;463;461;476;362;204;307;492;325;553;220;193;527;493;532;222;398;494;236;51;35;488;47;253;318;54;469;305;524;296;247;323;414;308;460;315;277;312;217;403;435;442;375;415;436;437;506;279;306;385;412;138;372;335;418;148;419;334;481;484;210;337;319;408;497;559;411;313;33;483;25;475;468;224;388;56;44;406;401;358;467;465;53;547;60;177;343
48946,18,GAEFS,384,163;510;232;104;366;234;221;208;288;368;247;491;412;359;484;184;23;3;260;183;103;124;523;447;492;314;4;351;364;246;493;133;418;141;487;470;363;214;265;353;242;95;462;50;266;43;405;271;445;334;282;182;173;507;365;517;213;131;180;253;404;144;389;413;259;94;24;386;477;549;324;283;543;218;16;460;505;252;509;344;56;22;414;438;6;25;475;411;83;478;308;179;255;258;479;177;502;425;348;175;231;463;228;421;98;433;171;335;102;403;360;165;226;99;219;346;167;166;473;134;93;410;135;501;339;91;330;498;172;483;287;367;201;239;130;285;17;426;468;384;340;486;419;229;430;394;127;304;269;387;227;423;18;373;7;19;407;317;398;126;546;434;559;200;310;11;415;422;391;393;558;240;46;270;21;312;85;382;44;547;333;276;185;440;174;12;541;420;87;521;372;48;343;536;503;47;14;529;488;306;20;193;489;233;518;245;342;256;542;354;139;154;331;97;49;508;29;482;315;34;168;100;530;5;472;52;284;531;153;92;88;400;432;465;138;409;244;311;369;528;390;58;374;90;40;210;338;504;209;113;60;289;428;497;203;222;59;143;45;362;427;357;381;328;446;204;194;534;142;431;10;476;61;170;441;533;396;429;272;490;516;128;53;207;150;464;480;321;178;101;392;469;9;303;356;548;327;109;485;42;332;526;322;136;325;444;397;305;254;293;424;137;520;417;33;286;496;189;466;341;86;140;257;515;273;320;336;280;241;395;206;41;347;544;267;164;230;123;399;279;302;181;401;560;295;1;345;51;355;316;296;0;439;545;350;57;500;105;132;474;268;145;349;519;13;30;205;15;243;525;220;375;146;522;84;176;406;277;532;107;125;75;96;67
48946,18,SSFS,384,366;367;234;102;287;523;104;103;368;288;510;15;184;272;289;280;4;200;205;213;218;266;7;269;549;447;260;239;244;135;445;446;87;226;231;95;345;271;536;84;182;12;265;359;351;20;438;3;100;9;203;216;348;86;183;83;431;350;208;221;347;268;6;425;228;344;227;515;520;364;517;13;92;99;233;229;285;502;507;10;423;516;125;273;429;522;8;504;5;284;267;363;128;201;214;275;93;19;353;181;202;215;123;126;354;168;21;428;241;166;246;270;179;509;530;163;274;175;240;139;503;165;528;533;242;426;134;518;11;252;257;131;207;220;127;90;444;535;124;442;23;140;141;529;430;282;328;88;424;346;85;427;101;169;89;22;352;324;171;286;349;172;365;206;219;94;14;259;432;129;276;505;204;217;531;434;316;230;133;254;355;541;546;174;132;256;24;180;548;253;130;443;17;167;395;543;245;91;97;361;372;433;255;407;164;542;232;105;243;544;281;16;314;393;403;96;360;521;310;25;508;173;170;302;389;283;154;342;136;404;325;519;338;18;397;382;193;318;317;311;396;441;534;500;439;303;408;390;144;472;329;381;304;405;138;326;468;383;330;400;394;391;315;321;496;176;312;153;545;417;319;306;137;385;440;486;398;178;401;406;409;421;320;386;482;461;357;460;356;399;305;113;307;469;98;362;462;384;331;109;488;322;277;410;194;373;26;143;474;374;235;258;33;358;375;387;392;29;247;436;34;155;369;30;308;327;339;278;418;335;420;411;497;236;415;532;53;332;41;437;435;414;336;489;490;50;465;142;146;470;340;473;506;313;559;279;493;343;145;419;422;341;526;377;293;547;463;498;464;333;494;501;412;334;376;210;223;177;209;222;185;491;54;492
49943,19,Variance,384,366;367;234;287;78;79;260;56;77;510;208;221;523;288;102;368;103;549;446;289;445;104;536;447;556;184;182;183;9;40;558;49;52;4;272;247;7;266;269;280;557;200;205;213;218;15;22;203;216;271;350;144;268;142;502;507;87;3;555;297;201;214;23;57;504;58;99;348;517;84;92;515;520;159;265;359;363;6;227;5;86;351;274;270;301;8;83;135;239;244;345;276;229;516;300;296;273;284;55;95;228;64;226;231;347;241;344;158;285;157;431;299;21;427;425;39;100;202;215;125;457;143;41;246;19;20;24;124;522;354;267;53;438;128;89;518;62;12;37;503;240;50;526;298;93;423;127;444;275;509;54;193;42;424;456;233;527;13;459;530;51;428;442;433;429;353;455;430;554;528;533;140;38;458;513;242;514;369;539;540;207;220;141;454;529;552;535;153;94;166;443;179;163;364;243;432;282;134;346;553;139;123;25;328;131;248;165;324;126;105;171;70;14;371;559;286;168;209;222;372;11;88;531;69;206;219;169;71;426;90;295;118;543;548;85;154;33;352;172;252;257;145;72;302;129;538;164;449;10;63;253;560;434;175;130;373;365;452;181;541;546;101;374;197;255;113;249;119;109;316;310;73;155;519;511;349;370;167;512;453;542;212;225;505;293;198;314;230;170;407;156;74;16;281;290;451;254;199;29;185;508;238;117;375;132;211;224;525;75;256;355;195;180;397;174;551;250;76;236;544;26;291;251;325;264;196;235;148;27;283;404;261;192;292;317;111;311;107;97;361;294;450;342;259;210;223;116;35;237;194;277;474;330;36;146;403;173;521;245;28;390;91;304;338;147;263;151;115;393;394;395;381;18;32;360;96;110;133;486;189;318;34;30;357
49943,19,STG,384,338;258;479;472;499;310;331;413;480;403;86;320;532;344;136;392;415;138;358;544;315;277;450;127;474;61;528;418;485;302;390;228;410;267;411;534;388;496;488;545;87;309;206;334;169;241;389;58;208;339;98;280;205;308;362;517;492;546;202;60;219;123;395;8;497;425;476;89;178;221;325;171;491;168;278;475;463;170;281;537;443;501;465;483;364;541;440;466;504;543;522;6;542;550;490;336;83;289;9;46;417;255;547;218;495;349;498;355;231;129;269;286;253;330;163;91;232;59;433;94;96;510;348;304;400;318;461;92;137;432;486;473;246;7;17;332;350;292;260;361;502;329;536;100;56;268;99;422;429;407;305;533;404;45;441;15;265;421;438;229;335;523;285;4;444;284;412;363;74;402;360;303;141;215;317;467;288;307;328;174;439;471;520;391;431;427;518;52;287;124;227;181;357;282;252;270;409;333;48;514;176;226;347;272;366;423;515;200;182;245;95;273;276;234;393;242;11;184;519;531;311;84;468;507;259;416;383;447;3;16;487;337;435;126;279;213;387;482;436;442;408;481;19;420;254;216;399;266;256;319;430;204;445;446;233;343;524;382;166;165;130;49;230;101;131;313;103;217;244;164;489;477;516;509;173;464;201;12;327;406;378;104;549;132;428;62;385;381;354;40;376;324;529;352;220;73;386;394;414;102;14;247;312;316;365;183;351;85;340;125;448;203;128;135;57;506;367;505;527;469;97;172;90;175;93;64;5;290;275;140;493;368;379;10;434;380;437;88;426;359;535;345;511;346;167;306;240;558;553;20;397;321;377;239;323;341;179;356;180;133;21;322;257;396;177;72;401;294;274;548;47;44;484;22;508;521;13;470;301;76;43;23;540;139
49943,19,CAE,384,200;431;424;139;549;127;350;86;180;14;102;284;351;9;542;13;502;529;128;181;84;124;240;141;218;280;345;101;12;504;367;428;328;123;516;520;182;242;347;244;216;433;245;20;444;427;220;354;517;104;94;140;126;179;206;271;91;3;219;363;259;344;404;254;270;267;221;544;507;256;125;276;530;359;239;321;11;272;275;6;201;366;226;360;430;202;233;349;169;310;390;99;24;519;133;288;214;243;405;266;306;87;523;348;521;496;227;241;352;16;246;231;364;535;526;429;286;311;285;142;204;165;432;184;274;19;166;257;438;92;317;10;163;103;425;518;289;287;21;460;171;255;172;167;318;96;130;229;282;281;426;23;396;174;131;269;353;232;235;88;303;277;511;175;273;164;361;95;168;368;265;531;528;90;394;89;193;132;54;423;83;445;307;217;543;541;234;183;548;410;437;325;342;209;383;446;134;228;283;443;403;510;346;97;144;173;62;203;51;93;503;393;260;8;522;178;407;533;135;515;205;4;381;236;230;509;109;324;382;320;7;304;330;319;358;386;470;355;143;332;376;138;441;486;527;385;434;315;417;442;397;314;413;401;462;5;414;435;215;447;469;420;252;207;302;316;338;15;408;461;258;538;297;154;170;326;436;440;536;194;480;400;268;532;213;395;473;85;155;98;398;365;463;391;485;18;42;490;474;137;362;465;22;546;129;505;377;333;107;113;341;392;478;439;17;340;118;550;33;494;313;389;499;322;41;468;223;418;48;305;225;493;329;482;331;312;421;489;357;208;279;466;195;49;339;491;176;327;100;506;500;238;380;508;547;26;483;50;479;291;422;224;323;488;387;159;545;222;525;450;449;411;553;334;409;384;412;335;402;534;467;58;492;253
49943,19,GAEFS,384,487;475;523;484;231;287;478;103;445;127;268;350;260;421;381;272;419;491;247;288;359;84;234;422;182;184;208;87;521;498;303;214;510;493;126;413;338;446;280;460;183;473;23;83;549;414;254;492;394;102;265;274;258;22;3;267;289;430;135;203;366;517;213;246;86;501;166;515;174;411;546;286;273;283;547;465;516;282;346;476;173;92;367;486;96;351;426;477;164;440;447;245;340;368;24;415;343;418;412;393;317;207;98;483;469;542;101;332;136;342;163;16;85;232;383;333;548;345;216;536;334;227;534;423;509;518;138;141;177;417;362;479;19;140;331;221;391;544;360;468;18;463;353;433;5;482;104;330;266;365;10;124;403;344;442;95;508;520;168;387;233;99;335;52;93;201;259;200;382;464;8;441;528;321;310;6;444;180;15;218;420;543;480;153;431;339;7;217;269;503;329;392;409;320;507;325;128;4;302;405;270;281;384;94;312;326;425;316;91;88;314;176;364;139;363;241;206;137;17;307;497;100;165;125;429;205;500;385;404;461;328;9;434;428;105;257;220;226;222;144;502;252;219;319;438;129;496;20;43;348;202;400;311;255;143;505;474;522;396;90;354;470;277;109;134;406;410;242;215;271;13;305;285;347;341;46;145;488;154;472;439;395;172;315;462;372;178;41;204;12;228;14;239;59;170;306;318;171;401;530;324;244;29;361;53;490;485;97;349;389;179;355;223;408;308;407;44;399;21;443;284;432;275;373;256;532;386;336;304;181;33;504;209;398;374;230;531;123;559;313;25;131;40;322;89;132;494;57;535;193;229;489;167;50;427;397;545;169;519;541;533;356;56;49;210;113;558;47;424;236;130;51;352;276;279;133;327;45;175;68;142;60;390;194
49943,19,SSFS,384,366;367;234;102;287;523;104;103;368;288;510;15;184;272;289;280;4;200;205;213;218;266;7;269;549;447;260;239;244;135;445;446;87;226;231;95;345;271;536;84;182;12;265;359;351;100;20;438;3;9;203;216;348;86;83;183;431;350;208;221;347;268;6;425;228;344;227;515;520;364;517;13;92;99;233;229;285;502;507;10;516;423;125;273;429;522;504;8;5;284;267;363;128;201;214;275;93;353;19;181;202;215;354;126;123;168;428;21;241;166;246;270;179;509;163;530;274;175;240;139;503;165;528;533;242;426;134;518;11;252;257;131;207;220;127;90;444;535;124;442;23;141;140;529;430;282;328;88;424;346;85;427;101;169;89;22;352;324;171;286;349;172;365;206;219;94;259;14;432;129;276;505;204;217;531;316;434;230;133;254;355;541;546;174;132;256;24;180;548;253;130;443;17;167;395;543;245;91;97;361;372;433;255;407;164;542;232;105;243;544;281;16;314;393;403;96;360;521;310;508;25;173;170;302;389;283;154;342;136;404;325;519;338;18;397;382;193;318;317;311;396;441;534;500;439;303;408;390;144;472;329;381;304;405;138;326;468;383;330;400;394;391;315;321;496;176;312;153;545;417;319;306;137;385;440;486;398;178;401;406;409;421;320;386;482;461;357;460;356;399;305;113;307;469;98;362;462;384;331;109;488;322;277;410;194;373;26;143;474;374;235;258;33;358;375;387;392;29;436;247;34;155;369;30;308;327;339;278;418;335;420;411;497;415;236;532;53;332;41;437;435;414;336;489;490;50;465;142;146;470;340;473;506;313;559;279;493;343;145;419;422;341;526;377;293;547;463;498;464;333;494;501;412;334;376;177;210;223;209;222;185;491;54;492
